relation_id,relation_name,side,mapping_type,train_frequency,log_train_frequency,test_support,side_support,eligible_support,hits_r,alpha_r,delta_r
0,/location/country/form_of_government,head,M-N,298,5.700443573390686,43,43,20,0.3156146194253649,0.6499999761581421,0.45
1,/tv/tv_program/regular_cast./tv/regular_tv_appearance/actor,head,1-N,1272,7.149131598557407,91,91,43,0.36891680530139376,0.39534884691238403,0.27906976744186046
2,/media_common/netflix_genre/titles,head,M-N,2671,7.890582534656536,124,124,101,0.764976944242205,0.09900990128517151,0.04950495049504951
3,/award/award_winner/awards_won./award/award_honor/award_winner,head,M-N,8423,9.03884005381381,41,41,25,0.5574912939752851,0.1599999964237213,0.12
4,/soccer/football_team/current_roster./sports/sports_team_roster/position,head,M-N,2262,7.724446645633537,12,12,0,0.0,,
5,/soccer/football_team/current_roster./soccer/football_roster_position/position,head,M-N,2265,7.725771441587952,10,10,0,0.0,,
6,/film/actor/film./film/performance/film,head,M-N,9494,9.158520623246385,836,836,134,0.11500341870955058,0.5149253606796265,0.2835820895522388
7,/award/award_category/nominees./award/award_nomination/nominated_for,head,M-N,9465,9.155461710466193,858,858,679,0.7276057260377067,0.18409425020217896,0.09425625920471281
8,/award/award_nominee/award_nominations./award/award_nomination/award_nominee,head,M-N,15989,9.679718805828,214,214,180,0.7803738287517002,0.15000000596046448,0.08888888888888889
9,/music/performance_role/regular_performances./music/group_membership/role,head,M-N,2655,7.884576510596324,40,40,18,0.29999999914850506,0.6111111044883728,0.3333333333333333
10,/award/award_category/winners./award/award_honor/ceremony,head,M-N,2834,7.949797216161852,323,323,306,0.9049093297549656,0.12745098769664764,0.05228758169934641
11,/film/film/release_date_s./film/film_regional_release_date/film_release_distribution_medium,head,M-1,1429,7.265429723253953,158,158,28,0.04972875118255615,1.0,0.5357142857142857
12,/award/award_winning_work/awards_won./award/award_honor/award_winner,head,M-N,2992,8.004031507852698,24,24,13,0.4702381023338863,0.23076923191547394,0.15384615384615385
13,/film/film/release_date_s./film/film_regional_release_date/film_release_region,head,M-N,12893,9.464517365870565,1447,1447,850,0.4013229353087289,0.6141176223754883,0.26941176470588235
14,/film/film/language,head,M-N,2570,7.852050207265889,314,314,163,0.3785259297915867,0.546012282371521,0.25766871165644173
15,/location/location/contains,head,M-N,5201,8.556798446008596,330,330,264,0.7043289967945644,0.2651515007019043,0.10606060606060606
16,/organization/organization/headquarters./location/mailing_address/country,head,M-1,182,5.209486152841421,7,7,3,0.10204082088811058,1.0,0.6666666666666666
17,/people/person/profession,head,M-N,10945,9.300729371703863,1311,1311,357,0.1933093603168215,0.5070028305053711,0.24369747899159663
18,/location/statistical_region/religions./location/religion_percentage/religion,head,M-N,596,6.391917113392602,60,60,47,0.6952380963734218,0.25531914830207825,0.2127659574468085
19,/award/award_nominee/award_nominations./award/award_nomination/award,head,M-N,12157,9.405742668308667,1067,1067,303,0.22171642737729208,0.4653465449810028,0.20462046204620463
20,/music/genre/artists,head,M-N,5880,8.679482094459956,664,664,515,0.712349397795541,0.1553398072719574,0.05825242718446602
21,/influence/influence_node/influenced_by,head,M-N,1908,7.554334823725748,235,235,114,0.3446808542524065,0.5350877046585083,0.2719298245614035
22,/education/educational_institution/students_graduates./education/education/student,head,1-N,2640,7.878912912297132,311,311,133,0.3151125354426248,0.5037593841552734,0.2706766917293233
23,/organization/organization_member/member_of./organization/organization_membership/organization,head,M-N,797,6.682108597449809,96,96,76,0.7306547590664455,0.17105263471603394,0.09210526315789473
24,/people/person/place_of_birth,head,M-1,2465,7.81035268372429,170,170,10,0.040336135774850845,0.699999988079071,0.5
25,/common/topic/webpage./common/webpage/category,head,M-1,3612,8.19229373114764,402,402,15,0.013859274863664593,1.0,0.6
26,/film/film/other_crew./film/film_crew_gig/film_crew_role,head,M-N,5305,8.576593534697684,606,606,153,0.14757190218993596,0.7320261597633362,0.37254901960784315
27,/award/award_ceremony/awards_presented./award/award_honor/award_winner,head,M-N,2727,7.911324018963352,317,317,238,0.6511942233358111,0.2647058963775635,0.13025210084033614
28,/film/film/country,head,M-1,2407,7.786551806428712,131,131,28,0.12758996656962804,0.6785714030265808,0.35714285714285715
29,/olympics/olympic_sport/athletes./olympics/olympic_athlete_affiliation/country,head,M-N,2130,7.664346632098617,258,258,230,0.831118472984859,0.19130434095859528,0.09130434782608696
30,/award/award_winning_work/awards_won./award/award_honor/award,head,M-N,3310,8.105005537547246,118,118,42,0.27845036131995066,0.4523809552192688,0.23809523809523808
31,/film/film/genre,head,M-N,7268,8.891374009484636,722,722,162,0.15967550660882676,0.5,0.25308641975308643
32,/film/film_distributor/films_distributed./film/film_film_distributor_relationship/film,head,M-N,2337,7.757051142032013,160,160,137,0.7651785612106323,0.23357664048671722,0.11678832116788321
33,/location/statistical_region/rent50_2./measurement_unit/dated_money_value/currency,head,M-1,373,5.924255797414532,46,46,15,0.14596273164663995,0.9333333373069763,0.6666666666666666
34,/film/film/estimated_budget./measurement_unit/dated_money_value/currency,head,M-1,1210,7.099201743553092,151,151,62,0.21854304841586522,0.774193525314331,0.3548387096774194
35,/government/legislative_session/members./government/government_position_held/district_represented,head,M-N,1070,6.976348070447749,117,117,115,0.9743589758872986,0.03478260710835457,0.02608695652173913
36,/sports/sports_team/roster./american_football/football_historical_roster_position/position_s,head,M-N,622,6.434546518787453,1,1,0,0.0,,
37,/government/government_office_category/officeholders./government/government_position_held/jurisdiction_of_office,head,M-N,760,6.634633357861686,91,91,89,0.9638932517596653,0.033707864582538605,0.02247191011235955
38,/award/award_nominee/award_nominations./award/award_nomination/nominated_for,head,M-N,6277,8.744806737401898,132,132,53,0.3192640670708248,0.4150943458080292,0.2830188679245283
39,/people/deceased_person/place_of_death,head,M-1,695,6.54534966033442,78,78,9,0.062271064945629666,0.7777777910232544,0.4444444444444444
40,/sports/pro_athlete/teams./sports/sports_team_roster/team,head,M-N,676,6.517671272912275,16,16,13,0.7678571428571429,0.23076923191547394,0.15384615384615385
41,/music/artist/track_contributions./music/track_contribution/role,head,M-N,1772,7.480428306074208,152,152,39,0.1550751860652651,0.6666666865348816,0.28205128205128205
42,/music/instrument/instrumentalists,head,M-N,1938,7.569927655242652,153,153,128,0.7497665882110596,0.2109375,0.109375
43,/people/person/gender,head,M-1,3717,8.220941168281389,436,436,67,0.07830930660877909,0.7910447716712952,0.3283582089552239
44,/business/job_title/people_with_this_title./business/employment_tenure/company,head,M-N,734,6.5998704992128365,85,85,78,0.8739495873451233,0.12820513546466827,0.0641025641025641
45,/base/popstra/celebrity/friendship./base/popstra/friendship/participant,head,M-N,1511,7.321188556739479,32,32,9,0.12946428571428573,0.8888888955116272,0.4444444444444444
46,/business/business_operation/industry,head,M-1,330,5.802118375377063,41,41,24,0.35888501576014925,0.625,0.375
47,/award/award_category/winners./award/award_honor/award_winner,head,M-N,5673,8.643649615368796,217,217,156,0.6431863222803388,0.2371794879436493,0.12179487179487179
48,/people/person/nationality,head,M-1,4197,8.342363500380579,494,494,102,0.12030075490474701,0.6666666865348816,0.3137254901960784
49,/sports/sports_team/roster./baseball/baseball_roster_position/position,head,M-N,183,5.214935757608986,3,3,3,1.0,0.0,0.0
50,/people/cause_of_death/people,head,1-N,737,6.6039438246004725,94,94,64,0.5136778099196297,0.484375,0.25
51,/tv/tv_program/languages,head,M-1,254,5.541263545158426,24,24,23,0.9226190532956805,0.08695652335882187,0.043478260869565216
52,/music/genre/parent_genre,head,M-N,678,6.520621127558696,97,97,49,0.4241531619003841,0.36734694242477417,0.14285714285714285
53,/base/popstra/celebrity/breakup./base/popstra/breakup/participant,head,1-1,153,5.0369526024136295,0,0,0,,,
54,/location/country/capital,head,1-1,142,4.962844630259907,11,11,4,0.1558441604886736,1.0,0.75
55,/film/special_film_performance_type/film_performance_type./film/performance/film,head,1-N,93,4.543294782270004,11,11,11,1.0,0.0,0.0
56,/location/hud_county_place/place,head,1-1,459,6.131226489483141,48,48,47,0.9553571428571429,0.06382978707551956,0.06382978723404255
57,/music/performance_role/guest_performances./music/recording_contribution/performance_role,head,M-N,497,6.210600077024653,2,2,2,0.14285714285714285,1.0,1.0
58,/location/location/adjoin_s./location/adjoining_relationship/adjoins,head,M-N,2051,7.62657020629066,55,55,44,0.7402597495487758,0.22727273404598236,0.11363636363636363
59,/film/film_subject/films,head,1-N,603,6.403574197934815,77,77,49,0.5398886970111302,0.2857142984867096,0.10204081632653061
60,/base/schemastaging/person_extra/net_worth./measurement_unit/dated_money_value/currency,head,M-1,475,6.16541785423142,60,60,13,0.0904761930661542,0.7692307829856873,0.46153846153846156
61,/education/educational_institution/colors,head,M-N,856,6.75343791859778,90,90,7,0.02222222289336579,1.0,0.5714285714285714
62,/base/aareas/schema/administrative_area/administrative_parent,head,M-1,579,6.363028103540465,25,25,21,0.8399999737739563,0.0,0.0
63,/organization/role/leaders./organization/leadership/organization,head,1-N,756,6.6293632534374485,70,70,70,0.9836734448160444,0.04285714402794838,0.02857142857142857
64,/government/legislative_session/members./government/government_position_held/legislative_sessions,head,M-N,814,6.703188113240863,13,13,13,1.0,0.0,0.0
65,/olympics/olympic_games/sports,head,M-N,664,6.499787040655854,13,13,13,1.0,0.0,0.0
66,/people/person/places_lived./people/place_lived/location,head,M-N,3738,8.226573474977114,305,305,28,0.03887587838939258,0.9285714030265808,0.4642857142857143
67,/award/award_category/disciplines_or_subjects,head,M-N,204,5.3230099791384085,15,15,12,0.7142857313156128,0.25,0.25
68,/sports/professional_sports_team/draft_picks./sports/sports_league_draft_pick/school,head,M-N,688,6.535241271013659,86,86,44,0.3388704316956656,0.7045454382896423,0.38636363636363635
69,/olympics/olympic_participating_country/medals_won./olympics/olympic_medal_honor/olympics,head,M-N,1153,7.050989447068045,63,63,43,0.5736961705344064,0.3255814015865326,0.18604651162790697
70,/language/human_language/countries_spoken_in,head,M-N,335,5.817111159963204,25,25,20,0.6685714381081718,0.4000000059604645,0.25
71,/people/ethnicity/people,head,1-N,2063,7.6324011266014535,251,251,223,0.8201479741505214,0.15246637165546417,0.08071748878923767
72,/olympics/olympic_participating_country/athletes./olympics/olympic_athlete_affiliation/olympics,head,M-N,760,6.634633357861686,31,31,16,0.31336404596056255,0.6875,0.375
73,/olympics/olympic_participating_country/medals_won./olympics/olympic_medal_honor/medal,head,M-N,256,5.54907608489522,38,38,32,0.785714294229235,0.1875,0.09375
74,/film/film/other_crew./film/film_crew_gig/crewmember,head,M-1,384,5.953243334287785,26,26,5,0.09890110258545194,0.6000000238418579,0.4
75,/music/performance_role/track_performances./music/track_contribution/role,head,M-N,3795,8.241703159729818,53,53,29,0.3935309946537018,0.6206896305084229,0.27586206896551724
76,/music/record_label/artist,head,M-N,2226,7.708410667257367,266,266,169,0.4994629536356245,0.4082840383052826,0.20710059171597633
77,/base/popstra/celebrity/dated./base/popstra/dated/participant,head,M-N,1404,7.247792581767846,11,11,1,0.02597402674811227,1.0,1.0
78,/base/locations/continents/countries_within,head,1-N,125,4.836281906951478,5,5,5,1.0,0.0,0.0
79,/sports/sports_league_draft/picks./sports/sports_league_draft_pick/school,head,M-N,269,5.598421958998375,42,42,41,0.8979591812406268,0.19512194395065308,0.14634146341463414
80,/sports/sports_team/sport,head,M-1,423,6.049733455231958,53,53,44,0.7681940708841596,0.1818181872367859,0.1590909090909091
81,/education/educational_institution_campus/educational_institution,head,1-1,526,6.267200548541362,13,13,13,1.0,0.0,0.0
82,/people/person/religion,head,M-1,1085,6.990256500493881,127,127,12,0.04499437553542001,0.75,0.5
83,/organization/organization/headquarters./location/mailing_address/citytown,head,M-1,852,6.748759547491679,55,55,21,0.22857142984867096,0.761904776096344,0.42857142857142855
84,/film/film/produced_by,head,M-1,1285,7.1592919047975645,60,60,23,0.27380953090531485,0.43478259444236755,0.2608695652173913
85,/people/person/spouse_s./people/marriage/type_of_union,head,M-1,2909,7.975908360165538,346,346,14,0.019818331514086043,0.7857142686843872,0.5714285714285714
86,/film/film/production_companies,head,M-1,1568,7.358193752733032,84,84,38,0.33163265671048847,0.44736841320991516,0.18421052631578946
87,/location/country/second_level_divisions,head,1-N,463,6.139884552226255,46,46,45,0.97826087474823,0.0,0.0
88,/base/culturalevent/event/entity_involved,head,M-N,276,5.6240175061873385,20,20,11,0.5214285765375409,0.3636363744735718,0.18181818181818182
89,/education/educational_degree/people_with_this_degree./education/education/institution,head,M-N,2257,7.722234744709607,287,287,283,0.9711299112864903,0.03180212154984474,0.024734982332155476
90,/film/film/distributors./film/film_film_distributor_relationship/film_distribution_medium,head,M-1,285,5.655991810819852,38,38,18,0.3496240632874625,0.6111111044883728,0.5
91,/tv/tv_program/tv_producer./tv/tv_producer_term/producer_type,head,M-1,121,4.804021044733257,11,11,6,0.5454545617103577,0.0,0.0
92,/music/performance_role/regular_performances./music/group_membership/group,head,M-N,1327,7.191429330036379,167,167,149,0.8374679173742022,0.1342281848192215,0.0738255033557047
93,/government/politician/government_positions_held./government/government_position_held/legislative_sessions,head,M-N,215,5.375278407684165,30,30,30,1.0,0.0,0.0
94,/sports/sports_team_location/teams,head,1-1,331,5.805134968916488,53,53,16,0.0997304597071239,0.9375,0.4375
95,/sports/sports_team/colors,head,M-N,689,6.536691597591305,77,77,7,0.03153988812118769,1.0,0.5714285714285714
96,/sports/professional_sports_team/draft_picks./sports/sports_league_draft_pick/draft,head,M-N,437,6.082218910376446,43,43,43,1.0,0.0,0.0
97,/award/award_nominated_work/award_nominations./award/award_nomination/nominated_for,head,M-N,717,6.576469569048224,16,16,15,0.9017857142857143,0.13333334028720856,0.13333333333333333
98,/baseball/baseball_team/team_stats./baseball/baseball_team_stats/season,head,M-N,233,5.455321115357702,27,27,27,0.9682539871760777,0.03703703731298447,0.037037037037037035
99,/user/alexander/philosophy/philosopher/interests,head,M-N,100,4.61512051684126,9,9,3,0.25396825798920225,0.3333333432674408,0.3333333333333333
100,/people/person/languages,head,M-1,783,6.664409020350408,98,98,18,0.1224489797438894,0.6111111044883728,0.2777777777777778
101,/education/educational_institution/students_graduates./education/education/major_field_of_study,head,M-N,2622,7.872073979866873,321,321,107,0.21495327353477478,0.6261682510375977,0.29906542056074764
102,/film/director/film,head,1-N,859,6.756932389247553,19,19,9,0.4060150384902954,0.3333333432674408,0.2222222222222222
103,/award/award_ceremony/awards_presented./award/award_honor/honored_for,head,M-N,909,6.813444599510896,121,121,81,0.548996457031795,0.3333333432674408,0.18518518518518517
104,/olympics/olympic_sport/athletes./olympics/olympic_athlete_affiliation/olympics,head,M-N,381,5.945420608606575,8,8,7,0.7321428571428571,0.2857142984867096,0.2857142857142857
105,/film/film/costume_design_by,head,M-1,192,5.262690188904886,13,13,3,0.1098901139838355,1.0,0.6666666666666666
106,/film/film/featured_film_locations,head,M-1,977,6.885509670034818,100,100,20,0.07142857302512441,0.949999988079071,0.6
107,/tv/tv_program/genre,head,M-N,1006,6.914730892718563,94,94,63,0.5607902663094657,0.3492063581943512,0.19047619047619047
108,/organization/endowed_organization/endowment./measurement_unit/dated_money_value/currency,head,M-1,456,6.124683390894205,3,3,0,0.0,,
109,/film/film/written_by,head,M-1,787,6.669498089857879,26,26,5,0.15384615638426372,0.800000011920929,0.4
110,/tv/tv_producer/programs_produced./tv/tv_producer_term/producer_type,head,M-1,225,5.420534999272286,22,22,7,0.17532468054975783,0.7142857313156128,0.42857142857142855
111,/location/hud_county_place/county,head,M-1,305,5.723585101952381,7,7,2,0.2857142984867096,0.0,0.0
112,/education/educational_degree/people_with_this_degree./education/education/major_field_of_study,head,M-N,494,6.20455776256869,63,63,62,0.965986396585192,0.032258063554763794,0.016129032258064516
113,/base/schemastaging/organization_extra/phone_number./base/schemastaging/phone_sandbox/contact_category,head,M-1,142,4.962844630259907,20,20,8,0.3357142891202654,0.25,0.125
114,/base/saturdaynightlive/snl_cast_member/seasons./base/saturdaynightlive/snl_season_tenure/cast_members,head,M-N,100,4.61512051684126,3,3,3,1.0,0.0,0.0
115,/film/film/film_format,head,M-1,345,5.846438775057724,39,39,8,0.11721612087317876,1.0,0.625
116,/film/film/music,head,M-1,1039,6.946975992135418,92,92,22,0.14440993538924626,0.6363636255264282,0.4090909090909091
117,/sports/sports_team/roster./american_football/football_roster_position/position,head,M-N,607,6.410174881966167,3,3,1,0.3333333432674408,0.0,0.0
118,/user/tsegaran/random/taxonomy_subject/entry./user/tsegaran/random/taxonomy_entry/taxonomy,head,M-1,411,6.021023349349527,50,50,10,0.09999999936137881,0.699999988079071,0.4
119,/celebrities/celebrity/celebrity_friends./celebrities/friendship/friend,head,M-N,250,5.5254529391317835,1,1,1,1.0,0.0,0.0
120,/location/hud_foreclosure_area/estimated_number_of_mortgages./measurement_unit/dated_integer/source,head,M-1,788,6.670766320845874,84,84,29,0.2108843613948141,0.7586206793785095,0.4827586206896552
121,/base/x2010fifaworldcupsouthafrica/world_cup_squad/current_world_cup_squad./base/x2010fifaworldcupsouthafrica/current_world_cup_squad/current_club,head,M-N,246,5.5093883366279774,29,29,22,0.5763546781880515,0.5454545617103577,0.36363636363636365
122,/base/popstra/location/vacationers./base/popstra/vacation_choice/vacationer,head,M-N,349,5.857933154483459,31,31,18,0.4838709533214569,0.3333333432674408,0.2777777777777778
123,/base/popstra/celebrity/canoodled./base/popstra/canoodled/participant,head,M-N,449,6.1092475827643655,1,1,0,0.0,,
124,/education/educational_institution/school_type,head,M-1,728,6.591673732008658,80,80,23,0.16607142984867096,0.8695651888847351,0.4782608695652174
125,/sports/sport/pro_athletes./sports/pro_sports_played/athlete,head,1-N,128,4.859812404361672,17,17,16,0.9075630307197571,0.0625,0.0625
126,/award/hall_of_fame/inductees./award/hall_of_fame_induction/inductee,head,1-N,154,5.043425116919247,27,27,26,0.9576719743864877,0.03846153989434242,0.038461538461538464
127,/base/biblioness/bibs_location/state,head,M-1,300,5.707110264748875,7,7,5,0.3469387867621013,0.800000011920929,0.4
128,/education/university/local_tuition./measurement_unit/dated_money_value/currency,head,M-1,360,5.8888779583328805,1,1,0,0.0,,
129,/business/business_operation/revenue./measurement_unit/dated_money_value/currency,head,M-1,215,5.375278407684165,1,1,0,0.0,,
130,/sports/sports_position/players./sports/sports_team_roster/team,head,M-N,3500,8.160803920954665,22,22,22,1.0,0.0,0.0
131,/military/military_conflict/combatants./military/military_combatant_group/combatants,head,M-N,424,6.052089168924417,34,34,24,0.6512605037008014,0.2083333283662796,0.125
132,/sports/sports_league/teams./sports/sports_league_participation/team,head,1-N,161,5.087596335232384,16,16,16,1.0,0.0,0.0
133,/base/biblioness/bibs_location/country,head,M-1,610,6.415096959171596,14,14,2,0.06122449253286634,1.0,1.0
134,/music/group_member/membership./music/group_membership/role,head,M-N,750,6.621405651764134,29,29,8,0.18719212072236197,0.625,0.625
135,/location/administrative_division/country,head,M-1,386,5.958424693029782,3,3,1,0.3333333432674408,0.0,0.0
136,/film/film/executive_produced_by,head,M-1,662,6.4967749901858625,73,73,25,0.2583170235157013,0.47999998927116394,0.28
137,/food/food/nutrients./food/nutrition_fact/nutrient,head,M-N,966,6.874198495453294,105,105,105,0.9986394558634076,0.009523809887468815,0.009523809523809525
138,/music/group_member/membership./music/group_membership/group,head,M-1,218,5.389071729816501,22,22,16,0.5974025896617344,0.375,0.3125
139,/location/statistical_region/gdp_nominal_per_capita./measurement_unit/dated_money_value/currency,head,M-1,190,5.25227342804663,3,3,1,0.3333333432674408,0.0,0.0
140,/education/field_of_study/students_majoring./education/education/student,head,1-N,259,5.560681631015528,34,34,27,0.5546218582562038,0.5925925970077515,0.3333333333333333
141,/award/award_winning_work/awards_won./award/award_honor/honored_for,head,M-N,475,6.16541785423142,10,10,9,0.8999999761581421,0.0,0.0
142,/sports/sports_team/roster./basketball/basketball_roster_position/position,head,M-N,178,5.187385805840755,2,2,0,0.0,,
143,/organization/organization/headquarters./location/mailing_address/state_province_region,head,M-1,721,6.582025138892826,39,39,12,0.16849817229168756,0.75,0.5
144,/base/aareas/schema/administrative_area/capital,head,1-1,137,4.927253685157205,0,0,0,,,
145,/tv/tv_producer/programs_produced./tv/tv_producer_term/program,head,M-N,416,6.0330862217988015,4,4,1,0.25,0.0,0.0
146,/education/educational_institution/campuses,head,1-1,533,6.280395838960195,13,13,13,1.0,0.0,0.0
147,/film/film/distributors./film/film_film_distributor_relationship/region,head,M-1,157,5.062595033026967,10,10,3,0.10000000149011612,1.0,0.3333333333333333
148,/travel/travel_destination/climate./travel/travel_destination_monthly_climate/month,head,M-N,535,6.284134161070802,60,60,60,0.9976190498897007,0.01666666753590107,0.016666666666666666
149,/medicine/disease/notable_people_with_this_condition,head,1-N,121,4.804021044733257,15,15,13,0.7142857313156128,0.3076923191547394,0.23076923076923078
150,/base/schemastaging/organization_extra/phone_number./base/schemastaging/phone_sandbox/service_location,head,M-N,345,5.846438775057724,38,38,27,0.612781958920615,0.29629629850387573,0.1111111111111111
151,/people/ethnicity/geographic_distribution,head,M-N,122,4.812184355372417,17,17,14,0.7815126180648804,0.0714285746216774,0.07142857142857142
152,/military/military_combatant/military_conflicts./military/military_combatant_group/combatants,head,M-N,747,6.617402977974478,17,17,12,0.5630252361297607,0.4166666567325592,0.16666666666666666
153,/film/film/personal_appearances./film/personal_film_appearance/person,head,1-N,217,5.384495062789089,11,11,5,0.3766233878476279,0.20000000298023224,0.2
154,/location/location/time_zones,head,M-1,1151,7.049254841255837,137,137,67,0.36496350169181824,0.5223880410194397,0.2835820895522388
155,/film/film/story_by,head,M-1,394,5.978885764901122,31,31,12,0.34562210951532635,0.25,0.16666666666666666
156,/base/petbreeds/city_with_dogs/top_breeds./base/petbreeds/dog_city_relationship/dog_breed,head,M-N,192,5.262690188904886,21,21,21,1.0,0.0,0.0
157,/olympics/olympic_games/participating_countries,head,M-N,490,6.19644412779452,23,23,23,0.9316770264080593,0.17391304671764374,0.13043478260869565
158,/tv/tv_network/programs./tv/tv_network_duration/program,head,1-N,305,5.723585101952381,26,26,22,0.752747254712241,0.3636363744735718,0.18181818181818182
159,/people/person/employment_history./business/employment_tenure/company,head,M-1,316,5.75890177387728,24,24,14,0.375,0.7142857313156128,0.35714285714285715
160,/music/artist/origin,head,M-1,552,6.315358001522335,34,34,5,0.07142857222684793,1.0,0.6
161,/people/marriage_union_type/unions_of_this_type./people/marriage/location_of_ceremony,head,1-N,417,6.035481432524756,53,53,53,1.0,0.0,0.0
162,/tv/tv_writer/tv_programs./tv/tv_program_writer_relationship/tv_program,head,M-1,271,5.605802066295998,9,9,2,0.1111111119389534,1.0,1.0
163,/time/event/locations,head,M-N,363,5.8971538676367405,34,34,20,0.38655462861061096,0.6000000238418579,0.45
164,/celebrities/celebrity/sexual_relationships./celebrities/romantic_relationship/celebrity,head,1-1,236,5.4680601411351315,0,0,0,,,
165,/government/political_party/politicians_in_this_party./government/political_party_tenure/politician,head,1-N,107,4.68213122712422,11,11,10,0.9090909361839294,0.0,0.0
166,/education/university/domestic_tuition./measurement_unit/dated_money_value/currency,head,M-1,476,6.1675164908883415,5,5,0,0.0,,
167,/organization/non_profit_organization/registered_with./organization/non_profit_registration/registering_agency,head,M-1,125,4.836281906951478,22,22,18,0.8181818127632141,0.0,0.0
168,/user/ktrueman/default_domain/international_organization/member_states,head,1-N,179,5.19295685089021,24,24,24,1.0,0.0,0.0
169,/american_football/football_team/current_roster./sports/sports_team_roster/position,head,M-N,573,6.352629396319567,0,0,0,,,
170,/soccer/football_player/current_team./sports/sports_team_roster/team,head,M-N,536,6.285998094508865,9,9,5,0.42857143708637785,0.6000000238418579,0.2
171,/olympics/olympic_games/medals_awarded./olympics/olympic_medal_honor/medal,head,M-N,101,4.624972813284271,16,16,16,1.0,0.0,0.0
172,/award/ranked_item/appears_in_ranked_lists./award/ranking/list,head,M-1,335,5.817111159963204,48,48,26,0.47916666099003385,0.38461539149284363,0.2692307692307692
173,/film/film_set_designer/film_sets_designed,head,1-N,113,4.736198448394496,8,8,7,0.6964285714285714,0.7142857313156128,0.5714285714285714
174,/user/jg/default_domain/olympic_games/sports,head,M-N,581,6.366470447731438,11,11,11,0.974025981766837,0.09090909361839294,0.09090909090909091
175,/people/person/sibling_s./people/sibling_relationship/sibling,head,1-1,131,4.882801922586371,7,7,5,0.5306122643607003,0.6000000238418579,0.6
176,/base/marchmadness/ncaa_basketball_tournament/seeds./base/marchmadness/ncaa_tournament_seed/team,head,M-N,352,5.8664680569332965,41,41,39,0.8954703637531826,0.1538461595773697,0.10256410256410256
177,/music/artist/contribution./music/recording_contribution/performance_role,head,M-N,218,5.389071729816501,14,14,5,0.14285714817898615,1.0,0.6
178,/sports/sports_position/players./sports/sports_team_roster/position,head,M-N,125,4.836281906951478,0,0,0,,,
179,/government/politician/government_positions_held./government/government_position_held/basic_title,head,M-N,114,4.74493212836325,16,16,13,0.5267857142857143,0.6153846383094788,0.38461538461538464
180,/sports/sports_position/players./american_football/football_historical_roster_position/position_s,head,M-N,102,4.634728988229636,0,0,0,,,
181,/people/profession/specialization_of,head,M-1,102,4.634728988229636,13,13,5,0.27472528176648275,0.6000000238418579,0.6
182,/award/award_category/category_of,head,M-1,148,5.003946305945459,20,20,20,1.0,0.0,0.0
183,/film/film/cinematography,head,M-1,336,5.820082930352362,17,17,4,0.17647059155361994,0.5,0.5
184,/film/film/film_production_design_by,head,M-1,158,5.0689042022202315,10,10,3,0.30000001192092896,0.0,0.0
185,/tv/tv_program/country_of_origin,head,M-1,268,5.594711379601839,32,32,23,0.6071428571428571,0.47826087474823,0.30434782608695654
186,/film/film/edited_by,head,M-1,179,5.19295685089021,13,13,3,0.17582417918103083,0.6666666865348816,0.3333333333333333
187,/tv/tv_personality/tv_regular_appearances./tv/tv_regular_personal_appearance/program,head,M-1,103,4.6443908991413725,11,11,5,0.2207792273589543,1.0,1.0
188,/education/field_of_study/students_majoring./education/education/major_field_of_study,head,M-N,343,5.840641657373398,11,11,8,0.5324675355638776,0.625,0.375
189,/education/educational_degree/people_with_this_degree./education/education/student,head,1-N,260,5.564520407322694,27,27,27,0.9682539701461792,0.07407407462596893,0.07407407407407407
190,/location/us_county/county_seat,head,1-1,181,5.204006687076795,2,2,2,1.0,0.0,0.0
191,/film/film/film_festivals,head,M-1,264,5.579729825986222,18,18,4,0.1428571455180645,0.75,0.5
192,/people/person/spouse_s./people/marriage/spouse,head,1-1,427,6.059123195581797,4,4,1,0.03571428571428571,1.0,1.0
193,/film/film/runtime./film/film_cut/film_release_region,head,M-1,187,5.236441962829949,9,9,0,0.0,,
194,/location/capital_of_administrative_division/capital_of./location/administrative_division_capital_relationship/administrative_division,head,1-1,296,5.6937321388027,0,0,0,,,
195,/base/aareas/schema/administrative_area/administrative_area_type,head,M-1,156,5.056245805348308,20,20,20,0.992857141154153,0.05000000074505806,0.05
196,/influence/influence_node/peers./influence/peer_relationship/peers,head,1-1,166,5.117993812416755,2,2,1,0.14285714285714285,1.0,1.0
197,/government/governmental_body/members./government/government_position_held/legislative_sessions,head,M-N,101,4.624972813284271,12,12,12,1.0,0.0,0.0
198,/base/schemastaging/organization_extra/phone_number./base/schemastaging/phone_sandbox/service_language,head,M-N,208,5.342334251964811,21,21,17,0.7074830106326512,0.1764705926179886,0.11764705882352941
199,/organization/organization/place_founded,head,M-1,104,4.653960350157523,16,16,7,0.33035714285714285,0.4285714328289032,0.42857142857142855
200,/base/eating/practicer_of_diet/diet,head,M-1,137,4.927253685157205,11,11,1,0.05194805349622454,1.0,1.0
201,/tv/tv_program/program_creator,head,1-1,144,4.976733742420574,2,2,0,0.0,,
202,/people/deceased_person/place_of_burial,head,M-1,142,4.962844630259907,9,9,0,0.0,,
203,/film/film/release_date_s./film/film_regional_release_date/film_regional_debut_venue,head,M-1,246,5.5093883366279774,20,20,8,0.27857143112591337,0.375,0.375
204,/ice_hockey/hockey_team/current_roster./sports/sports_team_roster/position,head,M-N,121,4.804021044733257,4,4,3,0.75,0.0,0.0
205,/location/administrative_division/first_level_division_of,head,M-1,141,4.955827057601261,0,0,0,,,
206,/location/statistical_region/gdp_real./measurement_unit/adjusted_money_value/adjustment_currency,head,M-1,160,5.081404364984463,0,0,0,,,
207,/organization/organization/child./organization/organization_relationship/child,head,1-N,191,5.2574953720277815,20,20,14,0.4928571454116276,0.4285714328289032,0.21428571428571427
208,/business/business_operation/assets./measurement_unit/dated_money_value/currency,head,M-1,181,5.204006687076795,0,0,0,,,
209,/film/person_or_entity_appearing_in_film/films./film/personal_film_appearance/type_of_appearance,head,M-1,37,3.6375861597263857,3,3,1,0.19047619615282332,1.0,1.0
210,/time/event/instance_of_recurring_event,head,M-1,109,4.700480365792417,11,11,9,0.8181818127632141,0.0,0.0
211,/tv/non_character_role/tv_regular_personal_appearances./tv/tv_regular_personal_appearance/person,head,1-N,90,4.51085950651685,7,7,6,0.8571428656578064,0.0,0.0
212,/film/actor/film./film/performance/special_performance_type,head,M-1,180,5.198497031265826,16,16,1,0.0625,0.0,0.0
213,/business/business_operation/operating_income./measurement_unit/dated_money_value/currency,head,M-1,198,5.293304824724492,0,0,0,,,
214,/people/ethnicity/languages_spoken,head,M-N,192,5.262690188904886,29,29,23,0.6305418695722308,0.47826087474823,0.2608695652173913
215,/base/americancomedy/celebrity_impressionist/celebrities_impersonated,head,1-N,121,4.804021044733257,8,8,5,0.625,0.0,0.0
216,/medicine/symptom/symptom_of,head,M-N,154,5.043425116919247,31,31,29,0.9354838728904724,0.0,0.0
217,/education/university/fraternities_and_sororities,head,M-1,131,4.882801922586371,21,21,11,0.2789115756750107,0.7272727489471436,0.45454545454545453
218,/location/statistical_region/places_exported_to./location/imports_and_exports/exported_to,head,M-N,172,5.153291594497779,13,13,6,0.14285714605024882,1.0,0.6666666666666666
219,/location/statistical_region/gdp_nominal./measurement_unit/dated_money_value/currency,head,M-1,220,5.3981627015177525,4,4,0,0.0,,
220,/travel/travel_destination/how_to_get_here./travel/transportation/mode_of_transportation,head,M-N,146,4.990432586778736,20,20,20,1.0,0.0,0.0
221,/location/country/official_language,head,M-1,225,5.420534999272286,16,16,2,0.09821428571428571,0.5,0.5
222,/location/location/partially_contains,head,M-1,133,4.897839799950911,13,13,10,0.7472527623176575,0.20000000298023224,0.2
223,/film/film/film_art_direction_by,head,M-1,101,4.624972813284271,3,3,3,0.9523809552192688,0.3333333432674408,0.3333333333333333
224,/people/person/spouse_s./people/marriage/location_of_ceremony,head,M-1,251,5.529429087511423,35,35,5,0.06938775602195944,0.800000011920929,0.6
225,/education/university/international_tuition./measurement_unit/dated_money_value/currency,head,M-1,117,4.770684624465665,0,0,0,,,
226,/organization/organization_founder/organizations_founded,head,1-1,137,4.927253685157205,9,9,5,0.3333333411387035,0.800000011920929,0.4
227,/film/film/dubbing_performances./film/dubbing_performance/actor,head,M-N,114,4.74493212836325,8,8,8,0.8928571428571429,0.25,0.25
228,/dataworld/gardening_hint/split_to,head,1-1,99,4.605170185988092,10,10,7,0.699999988079071,0.0,0.0
229,/medicine/disease/risk_factors,head,M-N,162,5.093750200806762,13,13,8,0.49450550760541645,0.375,0.375
230,/film/film/prequel,head,1-1,180,5.198497031265826,18,18,16,0.7539682388305664,0.25,0.25
231,/base/localfood/seasonal_month/produce_available./base/localfood/produce_availability/seasonal_months,head,M-N,108,4.6913478822291435,3,3,3,1.0,0.0,0.0
232,/film/actor/dubbing_performances./film/dubbing_performance/language,head,M-1,112,4.727387818712341,12,12,3,0.16666667056935175,0.6666666865348816,0.3333333333333333
233,/broadcast/content/artist,head,1-N,102,4.634728988229636,14,14,14,1.0,0.0,0.0
234,/location/statistical_region/gni_per_capita_in_ppp_dollars./measurement_unit/dated_money_value/currency,head,M-1,149,5.0106352940962555,0,0,0,,,
235,/music/instrument/family,head,M-1,100,4.61512051684126,6,6,2,0.1666666716337204,1.0,1.0
236,/government/politician/government_positions_held./government/government_position_held/jurisdiction_of_office,head,M-1,106,4.672828834461906,9,9,6,0.46031747119767324,0.6666666865348816,0.3333333333333333
0,/location/country/form_of_government,tail,M-N,298,5.700443573390686,43,43,43,0.9800664356776646,0.023255813866853714,0.023255813953488372
1,/tv/tv_program/regular_cast./tv/regular_tv_appearance/actor,tail,1-N,1272,7.149131598557407,91,91,22,0.17896389748368943,0.4545454680919647,0.22727272727272727
2,/media_common/netflix_genre/titles,tail,M-N,2671,7.890582534656536,124,124,35,0.21198156688894546,0.48571428656578064,0.2857142857142857
3,/award/award_winner/awards_won./award/award_honor/award_winner,tail,M-N,8423,9.03884005381381,41,41,31,0.6724738648959568,0.22580644488334656,0.12903225806451613
4,/soccer/football_team/current_roster./sports/sports_team_roster/position,tail,M-N,2262,7.724446645633537,12,12,12,1.0,0.0,0.0
5,/soccer/football_team/current_roster./soccer/football_roster_position/position,tail,M-N,2265,7.725771441587952,10,10,10,1.0,0.0,0.0
6,/film/actor/film./film/performance/film,tail,M-N,9494,9.158520623246385,836,836,147,0.12781954876014165,0.4761904776096344,0.25170068027210885
7,/award/award_category/nominees./award/award_nomination/nominated_for,tail,M-N,9465,9.155461710466193,858,858,294,0.2740592786243984,0.3979591727256775,0.19387755102040816
8,/award/award_nominee/award_nominations./award/award_nomination/award_nominee,tail,M-N,15989,9.679718805828,214,214,174,0.7763684902872358,0.1034482792019844,0.06321839080459771
9,/music/performance_role/regular_performances./music/group_membership/role,tail,M-N,2655,7.884576510596324,40,40,20,0.40357143538338797,0.4000000059604645,0.2
10,/award/award_category/winners./award/award_honor/ceremony,tail,M-N,2834,7.949797216161852,323,323,315,0.9540026443345206,0.04444444552063942,0.025396825396825397
11,/film/film/release_date_s./film/film_regional_release_date/film_release_distribution_medium,tail,M-1,1429,7.265429723253953,158,158,158,1.0,0.0,0.0
12,/award/award_winning_work/awards_won./award/award_honor/award_winner,tail,M-N,2992,8.004031507852698,24,24,9,0.3154761918953487,0.2222222238779068,0.2222222222222222
13,/film/film/release_date_s./film/film_regional_release_date/film_release_region,tail,M-N,12893,9.464517365870565,1447,1447,1301,0.8512192709105355,0.12298232316970825,0.05226748654880861
14,/film/film/language,tail,M-N,2570,7.852050207265889,314,314,295,0.9126478689057487,0.047457627952098846,0.03389830508474576
15,/location/location/contains,tail,M-N,5201,8.556798446008596,330,330,97,0.22380952324186051,0.4329896867275238,0.21649484536082475
16,/organization/organization/headquarters./location/mailing_address/country,tail,M-1,182,5.209486152841421,7,7,6,0.8571428656578064,0.0,0.0
17,/people/person/profession,tail,M-N,10945,9.300729371703863,1311,1311,1234,0.9194726007325309,0.04538087546825409,0.022690437601296597
18,/location/statistical_region/religions./location/religion_percentage/religion,tail,M-N,596,6.391917113392602,60,60,56,0.9261904869760785,0.01785714365541935,0.017857142857142856
19,/award/award_nominee/award_nominations./award/award_nomination/award,tail,M-N,12157,9.405742668308667,1067,1067,859,0.7418663927486965,0.16996507346630096,0.07566938300349244
20,/music/genre/artists,tail,M-N,5880,8.679482094459956,664,664,269,0.3259466418198177,0.3828996419906616,0.17843866171003717
21,/influence/influence_node/influenced_by,tail,M-N,1908,7.554334823725748,235,235,122,0.40607902833393644,0.4262295067310333,0.21311475409836064
22,/education/educational_institution/students_graduates./education/education/student,tail,1-N,2640,7.878912912297132,311,311,22,0.035829123109579086,0.7727272510528564,0.5
23,/organization/organization_member/member_of./organization/organization_membership/organization,tail,M-N,797,6.682108597449809,96,96,96,1.0,0.0,0.0
24,/people/person/place_of_birth,tail,M-1,2465,7.81035268372429,170,170,72,0.35630252957344055,0.3333333432674408,0.20833333333333334
25,/common/topic/webpage./common/webpage/category,tail,M-1,3612,8.19229373114764,402,402,400,0.9950248599052429,0.0,0.0
26,/film/film/other_crew./film/film_crew_gig/film_crew_role,tail,M-N,5305,8.576593534697684,606,606,591,0.9686468754495893,0.01692047342658043,0.008460236886632826
27,/award/award_ceremony/awards_presented./award/award_honor/award_winner,tail,M-N,2727,7.911324018963352,317,317,110,0.2807570993900299,0.3545454442501068,0.19090909090909092
28,/film/film/country,tail,M-1,2407,7.786551806428712,131,131,123,0.9236641015325274,0.04878048598766327,0.024390243902439025
29,/olympics/olympic_sport/athletes./olympics/olympic_athlete_affiliation/country,tail,M-N,2130,7.664346632098617,258,258,176,0.6029900227274213,0.25,0.125
30,/award/award_winning_work/awards_won./award/award_honor/award,tail,M-N,3310,8.105005537547246,118,118,75,0.5399515799113682,0.2666666805744171,0.16
31,/film/film/genre,tail,M-N,7268,8.891374009484636,722,722,630,0.8229125482695443,0.1111111119389534,0.05238095238095238
32,/film/film_distributor/films_distributed./film/film_film_distributor_relationship/film,tail,M-N,2337,7.757051142032013,160,160,24,0.1053571445601327,0.4583333432674408,0.25
33,/location/statistical_region/rent50_2./measurement_unit/dated_money_value/currency,tail,M-1,373,5.924255797414532,46,46,46,1.0,0.0,0.0
34,/film/film/estimated_budget./measurement_unit/dated_money_value/currency,tail,M-1,1210,7.099201743553092,151,151,151,0.9990539295332772,0.0066225165501236916,0.006622516556291391
35,/government/legislative_session/members./government/government_position_held/district_represented,tail,M-N,1070,6.976348070447749,117,117,117,0.9975579977035522,0.017094017937779427,0.008547008547008548
36,/sports/sports_team/roster./american_football/football_historical_roster_position/position_s,tail,M-N,622,6.434546518787453,1,1,1,1.0,0.0,0.0
37,/government/government_office_category/officeholders./government/government_position_held/jurisdiction_of_office,tail,M-N,760,6.634633357861686,91,91,47,0.3767660983971187,0.42553192377090454,0.2127659574468085
38,/award/award_nominee/award_nominations./award/award_nomination/nominated_for,tail,M-N,6277,8.744806737401898,132,132,63,0.3874458840915135,0.3650793731212616,0.23809523809523808
39,/people/deceased_person/place_of_death,tail,M-1,695,6.54534966033442,78,78,47,0.5402930464063372,0.25531914830207825,0.14893617021276595
40,/sports/pro_athlete/teams./sports/sports_team_roster/team,tail,M-N,676,6.517671272912275,16,16,7,0.23214285714285715,0.8571428656578064,0.5714285714285714
41,/music/artist/track_contributions./music/track_contribution/role,tail,M-N,1772,7.480428306074208,152,152,106,0.6137218134743827,0.2358490526676178,0.1509433962264151
42,/music/instrument/instrumentalists,tail,M-N,1938,7.569927655242652,153,153,29,0.12418301084211894,0.6206896305084229,0.3103448275862069
43,/people/person/gender,tail,M-1,3717,8.220941168281389,436,436,435,0.9967234475272042,0.002298850566148758,0.0022988505747126436
44,/business/job_title/people_with_this_title./business/employment_tenure/company,tail,M-N,734,6.5998704992128365,85,85,30,0.21008403599262238,0.5666666626930237,0.26666666666666666
45,/base/popstra/celebrity/friendship./base/popstra/friendship/participant,tail,M-N,1511,7.321188556739479,32,32,11,0.16964285714285715,0.9090909361839294,0.36363636363636365
46,/business/business_operation/industry,tail,M-1,330,5.802118375377063,41,41,36,0.8397212624549866,0.0833333358168602,0.05555555555555555
47,/award/award_category/winners./award/award_honor/award_winner,tail,M-N,5673,8.643649615368796,217,217,82,0.27452270899500164,0.5,0.25609756097560976
48,/people/person/nationality,tail,M-1,4197,8.342363500380579,494,494,480,0.9502602900777545,0.05000000074505806,0.022916666666666665
49,/sports/sports_team/roster./baseball/baseball_roster_position/position,tail,M-N,183,5.214935757608986,3,3,3,1.0,0.0,0.0
50,/people/cause_of_death/people,tail,1-N,737,6.6039438246004725,94,94,4,0.013677811117044516,1.0,0.75
51,/tv/tv_program/languages,tail,M-1,254,5.541263545158426,24,24,24,1.0,0.0,0.0
52,/music/genre/parent_genre,tail,M-N,678,6.520621127558696,97,97,76,0.7054491724286761,0.22368420660495758,0.10526315789473684
53,/base/popstra/celebrity/breakup./base/popstra/breakup/participant,tail,1-1,153,5.0369526024136295,0,0,0,,,
54,/location/country/capital,tail,1-1,142,4.962844630259907,11,11,5,0.3376623477254595,0.4000000059604645,0.4
55,/film/special_film_performance_type/film_performance_type./film/performance/film,tail,1-N,93,4.543294782270004,11,11,3,0.2207792273589543,0.3333333432674408,0.3333333333333333
56,/location/hud_county_place/place,tail,1-1,459,6.131226489483141,48,48,44,0.8869047590664455,0.04545454680919647,0.045454545454545456
57,/music/performance_role/guest_performances./music/recording_contribution/performance_role,tail,M-N,497,6.210600077024653,2,2,2,0.14285714285714285,1.0,1.0
58,/location/location/adjoin_s./location/adjoining_relationship/adjoins,tail,M-N,2051,7.62657020629066,55,55,42,0.6701298696654183,0.2380952388048172,0.16666666666666666
59,/film/film_subject/films,tail,1-N,603,6.403574197934815,77,77,12,0.10018552839756012,0.5833333134651184,0.3333333333333333
60,/base/schemastaging/person_extra/net_worth./measurement_unit/dated_money_value/currency,tail,M-1,475,6.16541785423142,60,60,60,1.0,0.0,0.0
61,/education/educational_institution/colors,tail,M-N,856,6.75343791859778,90,90,84,0.8698412690843854,0.1785714328289032,0.13095238095238096
62,/base/aareas/schema/administrative_area/administrative_parent,tail,M-1,579,6.363028103540465,25,25,21,0.8399999737739563,0.0,0.0
63,/organization/role/leaders./organization/leadership/organization,tail,1-N,756,6.6293632534374485,70,70,12,0.07755102217197418,0.75,0.3333333333333333
64,/government/legislative_session/members./government/government_position_held/legislative_sessions,tail,M-N,814,6.703188113240863,13,13,13,1.0,0.0,0.0
65,/olympics/olympic_games/sports,tail,M-N,664,6.499787040655854,13,13,13,1.0,0.0,0.0
66,/people/person/places_lived./people/place_lived/location,tail,M-N,3738,8.226573474977114,305,305,143,0.38922716890062603,0.3356643319129944,0.15384615384615385
67,/award/award_category/disciplines_or_subjects,tail,M-N,204,5.3230099791384085,15,15,15,0.9428571462631226,0.06666667014360428,0.06666666666666667
68,/sports/professional_sports_team/draft_picks./sports/sports_league_draft_pick/school,tail,M-N,688,6.535241271013659,86,86,31,0.25913621485233307,0.6129032373428345,0.3225806451612903
69,/olympics/olympic_participating_country/medals_won./olympics/olympic_medal_honor/olympics,tail,M-N,1153,7.050989447068045,63,63,59,0.9115646311214992,0.06779661029577255,0.03389830508474576
70,/language/human_language/countries_spoken_in,tail,M-N,335,5.817111159963204,25,25,14,0.4057142862251827,0.5714285969734192,0.2857142857142857
71,/people/ethnicity/people,tail,1-N,2063,7.6324011266014535,251,251,29,0.0785429733140128,0.5517241358757019,0.27586206896551724
72,/olympics/olympic_participating_country/athletes./olympics/olympic_athlete_affiliation/olympics,tail,M-N,760,6.634633357861686,31,31,28,0.8248847808156695,0.1071428582072258,0.07142857142857142
73,/olympics/olympic_participating_country/medals_won./olympics/olympic_medal_honor/medal,tail,M-N,256,5.54907608489522,38,38,38,1.0,0.0,0.0
74,/film/film/other_crew./film/film_crew_gig/crewmember,tail,M-1,384,5.953243334287785,26,26,19,0.6538461531911578,0.21052631735801697,0.21052631578947367
75,/music/performance_role/track_performances./music/track_contribution/role,tail,M-N,3795,8.241703159729818,53,53,26,0.425876008612769,0.3076923191547394,0.2692307692307692
76,/music/record_label/artist,tail,M-N,2226,7.708410667257367,266,266,48,0.1095596147435052,0.7291666865348816,0.3958333333333333
77,/base/popstra/celebrity/dated./base/popstra/dated/participant,tail,M-N,1404,7.247792581767846,11,11,2,0.10389610699244908,1.0,1.0
78,/base/locations/continents/countries_within,tail,1-N,125,4.836281906951478,5,5,5,0.7428571539265769,0.6000000238418579,0.6
79,/sports/sports_league_draft/picks./sports/sports_league_draft_pick/school,tail,M-N,269,5.598421958998375,42,42,21,0.380952388048172,0.4285714328289032,0.2857142857142857
80,/sports/sports_team/sport,tail,M-1,423,6.049733455231958,53,53,52,0.9811320900917053,0.0,0.0
81,/education/educational_institution_campus/educational_institution,tail,1-1,526,6.267200548541362,13,13,13,1.0,0.0,0.0
82,/people/person/religion,tail,M-1,1085,6.990256500493881,127,127,117,0.8863891959190369,0.09401709586381912,0.042735042735042736
83,/organization/organization/headquarters./location/mailing_address/citytown,tail,M-1,852,6.748759547491679,55,55,36,0.5454545361655099,0.3055555522441864,0.19444444444444445
84,/film/film/produced_by,tail,M-1,1285,7.1592919047975645,60,60,40,0.6142857245036534,0.20000000298023224,0.125
85,/people/person/spouse_s./people/marriage/type_of_union,tail,M-1,2909,7.975908360165538,346,346,346,1.0,0.0,0.0
86,/film/film/production_companies,tail,M-1,1568,7.358193752733032,84,84,67,0.7687074882643563,0.10447761416435242,0.04477611940298507
87,/location/country/second_level_divisions,tail,1-N,463,6.139884552226255,46,46,8,0.07142857063029494,1.0,0.625
88,/base/culturalevent/event/entity_involved,tail,M-N,276,5.6240175061873385,20,20,4,0.1785714328289032,0.5,0.25
89,/education/educational_degree/people_with_this_degree./education/education/institution,tail,M-N,2257,7.722234744709607,287,287,104,0.29019412824085783,0.45192307233810425,0.21153846153846154
90,/film/film/distributors./film/film_film_distributor_relationship/film_distribution_medium,tail,M-1,285,5.655991810819852,38,38,38,1.0,0.0,0.0
91,/tv/tv_program/tv_producer./tv/tv_producer_term/producer_type,tail,M-1,121,4.804021044733257,11,11,11,1.0,0.0,0.0
92,/music/performance_role/regular_performances./music/group_membership/group,tail,M-N,1327,7.191429330036379,167,167,102,0.5209580915314811,0.29411765933036804,0.17647058823529413
93,/government/politician/government_positions_held./government/government_position_held/legislative_sessions,tail,M-N,215,5.375278407684165,30,30,29,0.933333328792027,0.06896551698446274,0.034482758620689655
94,/sports/sports_team_location/teams,tail,1-1,331,5.805134968916488,53,53,2,0.005390835659844535,1.0,0.5
95,/sports/sports_team/colors,tail,M-N,689,6.536691597591305,77,77,74,0.9239331994737897,0.0810810774564743,0.06756756756756757
96,/sports/professional_sports_team/draft_picks./sports/sports_league_draft_pick/draft,tail,M-N,437,6.082218910376446,43,43,43,1.0,0.0,0.0
97,/award/award_nominated_work/award_nominations./award/award_nomination/nominated_for,tail,M-N,717,6.576469569048224,16,16,14,0.8303571428571429,0.1428571492433548,0.14285714285714285
98,/baseball/baseball_team/team_stats./baseball/baseball_team_stats/season,tail,M-N,233,5.455321115357702,27,27,27,1.0,0.0,0.0
99,/user/alexander/philosophy/philosopher/interests,tail,M-N,100,4.61512051684126,9,9,9,0.9682539701461792,0.1111111119389534,0.1111111111111111
100,/people/person/languages,tail,M-1,783,6.664409020350408,98,98,98,0.9912536484854562,0.010204081423580647,0.01020408163265306
101,/education/educational_institution/students_graduates./education/education/major_field_of_study,tail,M-N,2622,7.872073979866873,321,321,231,0.6341789024216788,0.2857142984867096,0.1341991341991342
102,/film/director/film,tail,1-N,859,6.756932389247553,19,19,6,0.30827066728046965,0.1666666716337204,0.16666666666666666
103,/award/award_ceremony/awards_presented./award/award_honor/honored_for,tail,M-N,909,6.813444599510896,121,121,41,0.2715466299227306,0.3658536672592163,0.24390243902439024
104,/olympics/olympic_sport/athletes./olympics/olympic_athlete_affiliation/olympics,tail,M-N,381,5.945420608606575,8,8,7,0.875,0.0,0.0
105,/film/film/costume_design_by,tail,M-1,192,5.262690188904886,13,13,12,0.9230769276618958,0.0,0.0
106,/film/film/featured_film_locations,tail,M-1,977,6.885509670034818,100,100,56,0.5042857101985386,0.1785714328289032,0.10714285714285714
107,/tv/tv_program/genre,tail,M-N,1006,6.914730892718563,94,94,83,0.8161094444138663,0.15662650763988495,0.08433734939759036
108,/organization/endowed_organization/endowment./measurement_unit/dated_money_value/currency,tail,M-1,456,6.124683390894205,3,3,3,1.0,0.0,0.0
109,/film/film/written_by,tail,M-1,787,6.669498089857879,26,26,8,0.24175824650696345,0.5,0.375
110,/tv/tv_producer/programs_produced./tv/tv_producer_term/producer_type,tail,M-1,225,5.420534999272286,22,22,22,1.0,0.0,0.0
111,/location/hud_county_place/county,tail,M-1,305,5.723585101952381,7,7,6,0.5510204264095852,0.6666666865348816,0.3333333333333333
112,/education/educational_degree/people_with_this_degree./education/education/major_field_of_study,tail,M-N,494,6.20455776256869,63,63,51,0.7346938933644976,0.1764705926179886,0.13725490196078433
113,/base/schemastaging/organization_extra/phone_number./base/schemastaging/phone_sandbox/contact_category,tail,M-1,142,4.962844630259907,20,20,20,1.0,0.0,0.0
114,/base/saturdaynightlive/snl_cast_member/seasons./base/saturdaynightlive/snl_season_tenure/cast_members,tail,M-N,100,4.61512051684126,3,3,3,1.0,0.0,0.0
115,/film/film/film_format,tail,M-1,345,5.846438775057724,39,39,39,1.0,0.0,0.0
116,/film/film/music,tail,M-1,1039,6.946975992135418,92,92,60,0.489130437374115,0.4333333373069763,0.2
117,/sports/sports_team/roster./american_football/football_roster_position/position,tail,M-N,607,6.410174881966167,3,3,3,1.0,0.0,0.0
118,/user/tsegaran/random/taxonomy_subject/entry./user/tsegaran/random/taxonomy_entry/taxonomy,tail,M-1,411,6.021023349349527,50,50,50,0.980000010558537,0.05999999865889549,0.04
119,/celebrities/celebrity/celebrity_friends./celebrities/friendship/friend,tail,M-N,250,5.5254529391317835,1,1,0,0.0,,
120,/location/hud_foreclosure_area/estimated_number_of_mortgages./measurement_unit/dated_integer/source,tail,M-1,788,6.670766320845874,84,84,84,1.0,0.0,0.0
121,/base/x2010fifaworldcupsouthafrica/world_cup_squad/current_world_cup_squad./base/x2010fifaworldcupsouthafrica/current_world_cup_squad/current_club,tail,M-N,246,5.5093883366279774,29,29,7,0.14778325387409755,0.8571428656578064,0.5714285714285714
122,/base/popstra/location/vacationers./base/popstra/vacation_choice/vacationer,tail,M-N,349,5.857933154483459,31,31,9,0.07373271669660296,1.0,0.4444444444444444
123,/base/popstra/celebrity/canoodled./base/popstra/canoodled/participant,tail,M-N,449,6.1092475827643655,1,1,0,0.0,,
124,/education/educational_institution/school_type,tail,M-1,728,6.591673732008658,80,80,79,0.987500011920929,0.0,0.0
125,/sports/sport/pro_athletes./sports/pro_sports_played/athlete,tail,1-N,128,4.859812404361672,17,17,10,0.5882353186607361,0.0,0.0
126,/award/hall_of_fame/inductees./award/hall_of_fame_induction/inductee,tail,1-N,154,5.043425116919247,27,27,5,0.1375661375267165,0.4000000059604645,0.4
127,/base/biblioness/bibs_location/state,tail,M-1,300,5.707110264748875,7,7,7,1.0,0.0,0.0
128,/education/university/local_tuition./measurement_unit/dated_money_value/currency,tail,M-1,360,5.8888779583328805,1,1,1,1.0,0.0,0.0
129,/business/business_operation/revenue./measurement_unit/dated_money_value/currency,tail,M-1,215,5.375278407684165,1,1,1,1.0,0.0,0.0
130,/sports/sports_position/players./sports/sports_team_roster/team,tail,M-N,3500,8.160803920954665,22,22,9,0.39610389726502554,0.1111111119389534,0.1111111111111111
131,/military/military_conflict/combatants./military/military_combatant_group/combatants,tail,M-N,424,6.052089168924417,34,34,26,0.596638662474496,0.4615384638309479,0.3076923076923077
132,/sports/sports_league/teams./sports/sports_league_participation/team,tail,1-N,161,5.087596335232384,16,16,13,0.6875,0.38461539149284363,0.23076923076923078
133,/base/biblioness/bibs_location/country,tail,M-1,610,6.415096959171596,14,14,14,1.0,0.0,0.0
134,/music/group_member/membership./music/group_membership/role,tail,M-N,750,6.621405651764134,29,29,24,0.7783251234463283,0.1666666716337204,0.16666666666666666
135,/location/administrative_division/country,tail,M-1,386,5.958424693029782,3,3,2,0.6666666865348816,0.0,0.0
136,/film/film/executive_produced_by,tail,M-1,662,6.4967749901858625,73,73,53,0.6536203452519008,0.18867924809455872,0.11320754716981132
137,/food/food/nutrients./food/nutrition_fact/nutrient,tail,M-N,966,6.874198495453294,105,105,105,1.0,0.0,0.0
138,/music/group_member/membership./music/group_membership/group,tail,M-1,218,5.389071729816501,22,22,21,0.8701298832893372,0.190476194024086,0.19047619047619047
139,/location/statistical_region/gdp_nominal_per_capita./measurement_unit/dated_money_value/currency,tail,M-1,190,5.25227342804663,3,3,3,1.0,0.0,0.0
140,/education/field_of_study/students_majoring./education/education/student,tail,1-N,259,5.560681631015528,34,34,8,0.10504201799631119,1.0,1.0
141,/award/award_winning_work/awards_won./award/award_honor/honored_for,tail,M-N,475,6.16541785423142,10,10,9,0.8999999761581421,0.0,0.0
142,/sports/sports_team/roster./basketball/basketball_roster_position/position,tail,M-N,178,5.187385805840755,2,2,2,1.0,0.0,0.0
143,/organization/organization/headquarters./location/mailing_address/state_province_region,tail,M-1,721,6.582025138892826,39,39,34,0.8461538553237915,0.11764705926179886,0.058823529411764705
144,/base/aareas/schema/administrative_area/capital,tail,1-1,137,4.927253685157205,0,0,0,,,
145,/tv/tv_producer/programs_produced./tv/tv_producer_term/program,tail,M-N,416,6.0330862217988015,4,4,3,0.5714285714285714,0.6666666865348816,0.6666666666666666
146,/education/educational_institution/campuses,tail,1-1,533,6.280395838960195,13,13,13,1.0,0.0,0.0
147,/film/film/distributors./film/film_film_distributor_relationship/region,tail,M-1,157,5.062595033026967,10,10,10,1.0,0.0,0.0
148,/travel/travel_destination/climate./travel/travel_destination_monthly_climate/month,tail,M-N,535,6.284134161070802,60,60,60,1.0,0.0,0.0
149,/medicine/disease/notable_people_with_this_condition,tail,1-N,121,4.804021044733257,15,15,3,0.17142857611179352,0.3333333432674408,0.3333333333333333
150,/base/schemastaging/organization_extra/phone_number./base/schemastaging/phone_sandbox/service_location,tail,M-N,345,5.846438775057724,38,38,28,0.6804511206490653,0.1428571492433548,0.14285714285714285
151,/people/ethnicity/geographic_distribution,tail,M-N,122,4.812184355372417,17,17,12,0.680672287940979,0.0833333358168602,0.08333333333333333
152,/military/military_combatant/military_conflicts./military/military_combatant_group/combatants,tail,M-N,747,6.617402977974478,17,17,15,0.7394958138465881,0.46666666865348816,0.26666666666666666
153,/film/film/personal_appearances./film/personal_film_appearance/person,tail,1-N,217,5.384495062789089,11,11,3,0.27272728085517883,0.0,0.0
154,/location/location/time_zones,tail,M-1,1151,7.049254841255837,137,137,133,0.9697601539748055,0.007518797181546688,0.007518796992481203
155,/film/film/story_by,tail,M-1,394,5.978885764901122,31,31,20,0.5253456107207707,0.30000001192092896,0.2
156,/base/petbreeds/city_with_dogs/top_breeds./base/petbreeds/dog_city_relationship/dog_breed,tail,M-N,192,5.262690188904886,21,21,21,1.0,0.0,0.0
157,/olympics/olympic_games/participating_countries,tail,M-N,490,6.19644412779452,23,23,9,0.3664596251079014,0.2222222238779068,0.1111111111111111
158,/tv/tv_network/programs./tv/tv_network_duration/program,tail,1-N,305,5.723585101952381,26,26,8,0.2747252881526947,0.125,0.125
159,/people/person/employment_history./business/employment_tenure/company,tail,M-1,316,5.75890177387728,24,24,16,0.41666666524750845,0.6875,0.3125
160,/music/artist/origin,tail,M-1,552,6.315358001522335,34,34,16,0.4453781545162201,0.1875,0.1875
161,/people/marriage_union_type/unions_of_this_type./people/marriage/location_of_ceremony,tail,1-N,417,6.035481432524756,53,53,5,0.06738544574805669,0.6000000238418579,0.4
162,/tv/tv_writer/tv_programs./tv/tv_program_writer_relationship/tv_program,tail,M-1,271,5.605802066295998,9,9,7,0.6984127163887024,0.2857142984867096,0.2857142857142857
163,/time/event/locations,tail,M-N,363,5.8971538676367405,34,34,19,0.36554622650146484,0.6315789222717285,0.3684210526315789
164,/celebrities/celebrity/sexual_relationships./celebrities/romantic_relationship/celebrity,tail,1-1,236,5.4680601411351315,0,0,0,,,
165,/government/political_party/politicians_in_this_party./government/political_party_tenure/politician,tail,1-N,107,4.68213122712422,11,11,3,0.14285714711461747,0.6666666865348816,0.6666666666666666
166,/education/university/domestic_tuition./measurement_unit/dated_money_value/currency,tail,M-1,476,6.1675164908883415,5,5,5,1.0,0.0,0.0
167,/organization/non_profit_organization/registered_with./organization/non_profit_registration/registering_agency,tail,M-1,125,4.836281906951478,22,22,22,1.0,0.0,0.0
168,/user/ktrueman/default_domain/international_organization/member_states,tail,1-N,179,5.19295685089021,24,24,19,0.5654761961528233,0.5263158082962036,0.3157894736842105
169,/american_football/football_team/current_roster./sports/sports_team_roster/position,tail,M-N,573,6.352629396319567,0,0,0,,,
170,/soccer/football_player/current_team./sports/sports_team_roster/team,tail,M-N,536,6.285998094508865,9,9,1,0.09523809594767434,1.0,1.0
171,/olympics/olympic_games/medals_awarded./olympics/olympic_medal_honor/medal,tail,M-N,101,4.624972813284271,16,16,16,1.0,0.0,0.0
172,/award/ranked_item/appears_in_ranked_lists./award/ranking/list,tail,M-1,335,5.817111159963204,48,48,48,1.0,0.0,0.0
173,/film/film_set_designer/film_sets_designed,tail,1-N,113,4.736198448394496,8,8,1,0.125,0.0,0.0
174,/user/jg/default_domain/olympic_games/sports,tail,M-N,581,6.366470447731438,11,11,11,1.0,0.0,0.0
175,/people/person/sibling_s./people/sibling_relationship/sibling,tail,1-1,131,4.882801922586371,7,7,4,0.3877551129886082,0.5,0.5
176,/base/marchmadness/ncaa_basketball_tournament/seeds./base/marchmadness/ncaa_tournament_seed/team,tail,M-N,352,5.8664680569332965,41,41,41,1.0,0.0,0.0
177,/music/artist/contribution./music/recording_contribution/performance_role,tail,M-N,218,5.389071729816501,14,14,8,0.5000000042574746,0.25,0.25
178,/sports/sports_position/players./sports/sports_team_roster/position,tail,M-N,125,4.836281906951478,0,0,0,,,
179,/government/politician/government_positions_held./government/government_position_held/basic_title,tail,M-N,114,4.74493212836325,16,16,15,0.8839285714285714,0.06666667014360428,0.06666666666666667
180,/sports/sports_position/players./american_football/football_historical_roster_position/position_s,tail,M-N,102,4.634728988229636,0,0,0,,,
181,/people/profession/specialization_of,tail,M-1,102,4.634728988229636,13,13,3,0.23076923191547394,0.0,0.0
182,/award/award_category/category_of,tail,M-1,148,5.003946305945459,20,20,20,0.985714282308306,0.05000000074505806,0.05
183,/film/film/cinematography,tail,M-1,336,5.820082930352362,17,17,16,0.8655462265014648,0.25,0.1875
184,/film/film/film_production_design_by,tail,M-1,158,5.0689042022202315,10,10,9,0.8142857125827244,0.2222222238779068,0.2222222222222222
185,/tv/tv_program/country_of_origin,tail,M-1,268,5.594711379601839,32,32,32,1.0,0.0,0.0
186,/film/film/edited_by,tail,M-1,179,5.19295685089021,13,13,11,0.7802197933197021,0.09090909361839294,0.09090909090909091
187,/tv/tv_personality/tv_regular_appearances./tv/tv_regular_personal_appearance/program,tail,M-1,103,4.6443908991413725,11,11,10,0.8311688303947449,0.10000000149011612,0.1
188,/education/field_of_study/students_majoring./education/education/major_field_of_study,tail,M-N,343,5.840641657373398,11,11,9,0.701298713684082,0.3333333432674408,0.2222222222222222
189,/education/educational_degree/people_with_this_degree./education/education/student,tail,1-N,260,5.564520407322694,27,27,3,0.06349206396511622,1.0,0.3333333333333333
190,/location/us_county/county_seat,tail,1-1,181,5.204006687076795,2,2,2,1.0,0.0,0.0
191,/film/film/film_festivals,tail,M-1,264,5.579729825986222,18,18,16,0.8809523837906974,0.0625,0.0625
192,/people/person/spouse_s./people/marriage/spouse,tail,1-1,427,6.059123195581797,4,4,1,0.03571428571428571,1.0,1.0
193,/film/film/runtime./film/film_cut/film_release_region,tail,M-1,187,5.236441962829949,9,9,8,0.6984127163887024,0.5,0.375
194,/location/capital_of_administrative_division/capital_of./location/administrative_division_capital_relationship/administrative_division,tail,1-1,296,5.6937321388027,0,0,0,,,
195,/base/aareas/schema/administrative_area/administrative_area_type,tail,M-1,156,5.056245805348308,20,20,20,1.0,0.0,0.0
196,/influence/influence_node/peers./influence/peer_relationship/peers,tail,1-1,166,5.117993812416755,2,2,0,0.0,,
197,/government/governmental_body/members./government/government_position_held/legislative_sessions,tail,M-N,101,4.624972813284271,12,12,12,1.0,0.0,0.0
198,/base/schemastaging/organization_extra/phone_number./base/schemastaging/phone_sandbox/service_language,tail,M-N,208,5.342334251964811,21,21,19,0.8231292622429984,0.10526315867900848,0.10526315789473684
199,/organization/organization/place_founded,tail,M-1,104,4.653960350157523,16,16,10,0.41964285714285715,0.5,0.3
200,/base/eating/practicer_of_diet/diet,tail,M-1,137,4.927253685157205,11,11,11,1.0,0.0,0.0
201,/tv/tv_program/program_creator,tail,1-1,144,4.976733742420574,2,2,0,0.0,,
202,/people/deceased_person/place_of_burial,tail,M-1,142,4.962844630259907,9,9,9,1.0,0.0,0.0
203,/film/film/release_date_s./film/film_regional_release_date/film_regional_debut_venue,tail,M-1,246,5.5093883366279774,20,20,17,0.742857141154153,0.1764705926179886,0.11764705882352941
204,/ice_hockey/hockey_team/current_roster./sports/sports_team_roster/position,tail,M-N,121,4.804021044733257,4,4,4,1.0,0.0,0.0
205,/location/administrative_division/first_level_division_of,tail,M-1,141,4.955827057601261,0,0,0,,,
206,/location/statistical_region/gdp_real./measurement_unit/adjusted_money_value/adjustment_currency,tail,M-1,160,5.081404364984463,0,0,0,,,
207,/organization/organization/child./organization/organization_relationship/child,tail,1-N,191,5.2574953720277815,20,20,6,0.17142857504742487,0.6666666865348816,0.5
208,/business/business_operation/assets./measurement_unit/dated_money_value/currency,tail,M-1,181,5.204006687076795,0,0,0,,,
209,/film/person_or_entity_appearing_in_film/films./film/personal_film_appearance/type_of_appearance,tail,M-1,37,3.6375861597263857,3,3,3,1.0,0.0,0.0
210,/time/event/instance_of_recurring_event,tail,M-1,109,4.700480365792417,11,11,9,0.8181818127632141,0.0,0.0
211,/tv/non_character_role/tv_regular_personal_appearances./tv/tv_regular_personal_appearance/person,tail,1-N,90,4.51085950651685,7,7,3,0.3061224584068571,1.0,0.6666666666666666
212,/film/actor/film./film/performance/special_performance_type,tail,M-1,180,5.198497031265826,16,16,16,1.0,0.0,0.0
213,/business/business_operation/operating_income./measurement_unit/dated_money_value/currency,tail,M-1,198,5.293304824724492,0,0,0,,,
214,/people/ethnicity/languages_spoken,tail,M-N,192,5.262690188904886,29,29,24,0.7044334922518048,0.2916666567325592,0.125
215,/base/americancomedy/celebrity_impressionist/celebrities_impersonated,tail,1-N,121,4.804021044733257,8,8,0,0.0,,
216,/medicine/symptom/symptom_of,tail,M-N,154,5.043425116919247,31,31,22,0.5391704993588584,0.40909090638160706,0.22727272727272727
217,/education/university/fraternities_and_sororities,tail,M-1,131,4.882801922586371,21,21,21,1.0,0.0,0.0
218,/location/statistical_region/places_exported_to./location/imports_and_exports/exported_to,tail,M-N,172,5.153291594497779,13,13,7,0.36263737082481384,0.5714285969734192,0.42857142857142855
219,/location/statistical_region/gdp_nominal./measurement_unit/dated_money_value/currency,tail,M-1,220,5.3981627015177525,4,4,4,1.0,0.0,0.0
220,/travel/travel_destination/how_to_get_here./travel/transportation/mode_of_transportation,tail,M-N,146,4.990432586778736,20,20,20,1.0,0.0,0.0
221,/location/country/official_language,tail,M-1,225,5.420534999272286,16,16,15,0.875,0.13333334028720856,0.13333333333333333
222,/location/location/partially_contains,tail,M-1,133,4.897839799950911,13,13,11,0.7802197933197021,0.09090909361839294,0.09090909090909091
223,/film/film/film_art_direction_by,tail,M-1,101,4.624972813284271,3,3,3,1.0,0.0,0.0
224,/people/person/spouse_s./people/marriage/location_of_ceremony,tail,M-1,251,5.529429087511423,35,35,11,0.22040816715785436,0.5454545617103577,0.36363636363636365
225,/education/university/international_tuition./measurement_unit/dated_money_value/currency,tail,M-1,117,4.770684624465665,0,0,0,,,
226,/organization/organization_founder/organizations_founded,tail,1-1,137,4.927253685157205,9,9,5,0.3333333432674408,0.6000000238418579,0.4
227,/film/film/dubbing_performances./film/dubbing_performance/actor,tail,M-N,114,4.74493212836325,8,8,3,0.375,0.0,0.0
228,/dataworld/gardening_hint/split_to,tail,1-1,99,4.605170185988092,10,10,7,0.699999988079071,0.0,0.0
229,/medicine/disease/risk_factors,tail,M-N,162,5.093750200806762,13,13,11,0.7142857313156128,0.27272728085517883,0.18181818181818182
230,/film/film/prequel,tail,1-1,180,5.198497031265826,18,18,16,0.8095237953322274,0.25,0.125
231,/base/localfood/seasonal_month/produce_available./base/localfood/produce_availability/seasonal_months,tail,M-N,108,4.6913478822291435,3,3,3,1.0,0.0,0.0
232,/film/actor/dubbing_performances./film/dubbing_performance/language,tail,M-1,112,4.727387818712341,12,12,12,1.0,0.0,0.0
233,/broadcast/content/artist,tail,1-N,102,4.634728988229636,14,14,5,0.295918379511152,0.20000000298023224,0.2
234,/location/statistical_region/gni_per_capita_in_ppp_dollars./measurement_unit/dated_money_value/currency,tail,M-1,149,5.0106352940962555,0,0,0,,,
235,/music/instrument/family,tail,M-1,100,4.61512051684126,6,6,4,0.4285714349576405,0.75,0.75
236,/government/politician/government_positions_held./government/government_position_held/jurisdiction_of_office,tail,M-1,106,4.672828834461906,9,9,4,0.3492063581943512,0.25,0.25
