model,dataset,experiment_name,pool_mode,pool_size,num_communities,community_size,sampling_seed,k,total_voting_slots,pool_members,communities,unique_model_count,avg_pairwise_overlap,avg_pairwise_jaccard
RotatE,FB15k237,RotatE_FB15k237,first,10,10,2,0,10,20,seed_0;seed_1;seed_10;seed_11;seed_12;seed_13;seed_14;seed_15;seed_16;seed_17,seed_11;seed_14|seed_16;seed_17|seed_11;seed_0|seed_13;seed_10|seed_10;seed_12|seed_1;seed_11|seed_12;seed_13|seed_17;seed_1|seed_10;seed_16|seed_12;seed_15,10,0.28888888888888886,0.0962962962962963
RotatE,FB15k237,RotatE_FB15k237,first,10,10,3,0,10,30,seed_0;seed_1;seed_10;seed_11;seed_12;seed_13;seed_14;seed_15;seed_16;seed_17,seed_11;seed_10;seed_14|seed_12;seed_10;seed_17|seed_10;seed_13;seed_0|seed_17;seed_11;seed_10|seed_13;seed_1;seed_12|seed_1;seed_14;seed_11|seed_16;seed_1;seed_13|seed_14;seed_15;seed_1|seed_13;seed_11;seed_16|seed_17;seed_16;seed_15,10,0.7777777777777778,0.16888888888888895
RotatE,FB15k237,RotatE_FB15k237,first,10,10,4,0,10,40,seed_0;seed_1;seed_10;seed_11;seed_12;seed_13;seed_14;seed_15;seed_16;seed_17,seed_11;seed_10;seed_16;seed_14|seed_10;seed_1;seed_12;seed_17|seed_13;seed_11;seed_16;seed_0|seed_1;seed_17;seed_15;seed_10|seed_14;seed_16;seed_13;seed_12|seed_1;seed_14;seed_12;seed_11|seed_14;seed_11;seed_12;seed_13|seed_16;seed_17;seed_15;seed_1|seed_17;seed_12;seed_0;seed_16|seed_17;seed_0;seed_16;seed_15,10,1.4444444444444444,0.24507936507936504
RotatE,FB15k237,RotatE_FB15k237,first,10,10,5,0,10,50,seed_0;seed_1;seed_10;seed_11;seed_12;seed_13;seed_14;seed_15;seed_16;seed_17,seed_11;seed_10;seed_16;seed_1;seed_14|seed_1;seed_12;seed_15;seed_13;seed_17|seed_11;seed_13;seed_1;seed_14;seed_0|seed_1;seed_14;seed_12;seed_13;seed_10|seed_1;seed_14;seed_11;seed_10;seed_12|seed_12;seed_16;seed_17;seed_13;seed_11|seed_12;seed_0;seed_15;seed_17;seed_13|seed_0;seed_10;seed_14;seed_12;seed_1|seed_0;seed_15;seed_14;seed_10;seed_16|seed_11;seed_13;seed_16;seed_0;seed_15,10,2.3333333333333335,0.32557319223985887
RotatE,FB15k237,RotatE_FB15k237,first,10,10,6,0,10,60,seed_0;seed_1;seed_10;seed_11;seed_12;seed_13;seed_14;seed_15;seed_16;seed_17,seed_11;seed_10;seed_16;seed_1;seed_0;seed_14|seed_12;seed_10;seed_15;seed_0;seed_13;seed_17|seed_14;seed_16;seed_13;seed_1;seed_11;seed_0|seed_15;seed_14;seed_13;seed_16;seed_1;seed_10|seed_17;seed_16;seed_11;seed_13;seed_10;seed_12|seed_0;seed_17;seed_16;seed_14;seed_12;seed_11|seed_0;seed_16;seed_15;seed_10;seed_1;seed_13|seed_14;seed_10;seed_16;seed_13;seed_15;seed_1|seed_11;seed_10;seed_14;seed_12;seed_17;seed_16|seed_1;seed_17;seed_10;seed_12;seed_11;seed_15,10,3.466666666666667,0.42529100529100516
RotatE,FB15k237,RotatE_FB15k237,first,10,10,8,0,10,80,seed_0;seed_1;seed_10;seed_11;seed_12;seed_13;seed_14;seed_15;seed_16;seed_17,seed_11;seed_10;seed_16;seed_1;seed_0;seed_15;seed_17;seed_14|seed_10;seed_12;seed_0;seed_13;seed_14;seed_16;seed_1;seed_17|seed_17;seed_10;seed_11;seed_12;seed_15;seed_16;seed_13;seed_0|seed_16;seed_17;seed_15;seed_13;seed_11;seed_0;seed_14;seed_10|seed_0;seed_1;seed_14;seed_11;seed_17;seed_15;seed_16;seed_12|seed_12;seed_14;seed_16;seed_0;seed_1;seed_13;seed_15;seed_11|seed_10;seed_16;seed_0;seed_15;seed_17;seed_11;seed_14;seed_13|seed_13;seed_17;seed_14;seed_0;seed_16;seed_11;seed_12;seed_1|seed_11;seed_12;seed_17;seed_0;seed_15;seed_14;seed_1;seed_16|seed_11;seed_12;seed_1;seed_14;seed_13;seed_0;seed_10;seed_15,10,6.377777777777778,0.6691358024691363
RotatE,FB15k237,RotatE_FB15k237,first,10,10,2,1,10,20,seed_0;seed_1;seed_10;seed_11;seed_12;seed_13;seed_14;seed_15;seed_16;seed_17,seed_1;seed_10|seed_16;seed_1|seed_0;seed_12|seed_15;seed_0|seed_15;seed_11|seed_0;seed_13|seed_16;seed_15|seed_12;seed_17|seed_11;seed_16|seed_1;seed_14,10,0.3111111111111111,0.10370370370370369
RotatE,FB15k237,RotatE_FB15k237,first,10,10,3,1,10,30,seed_0;seed_1;seed_10;seed_11;seed_12;seed_13;seed_14;seed_15;seed_16;seed_17,seed_1;seed_16;seed_10|seed_0;seed_15;seed_1|seed_15;seed_0;seed_12|seed_16;seed_13;seed_0|seed_12;seed_1;seed_11|seed_14;seed_0;seed_13|seed_0;seed_17;seed_15|seed_16;seed_0;seed_17|seed_14;seed_11;seed_16|seed_15;seed_0;seed_14,10,0.9555555555555556,0.21333333333333332
RotatE,FB15k237,RotatE_FB15k237,first,10,10,4,1,10,40,seed_0;seed_1;seed_10;seed_11;seed_12;seed_13;seed_14;seed_15;seed_16;seed_17,seed_1;seed_16;seed_0;seed_10|seed_15;seed_17;seed_13;seed_1|seed_0;seed_16;seed_10;seed_12|seed_12;seed_10;seed_11;seed_0|seed_0;seed_17;seed_16;seed_11|seed_17;seed_0;seed_11;seed_13|seed_11;seed_14;seed_13;seed_15|seed_0;seed_11;seed_14;seed_17|seed_15;seed_17;seed_12;seed_16|seed_11;seed_13;seed_1;seed_14,10,1.488888888888889,0.2524867724867725
RotatE,FB15k237,RotatE_FB15k237,first,10,10,5,1,10,50,seed_0;seed_1;seed_10;seed_11;seed_12;seed_13;seed_14;seed_15;seed_16;seed_17,seed_1;seed_16;seed_0;seed_12;seed_10|seed_15;seed_0;seed_14;seed_12;seed_1|seed_13;seed_11;seed_17;seed_0;seed_12|seed_14;seed_1;seed_16;seed_15;seed_0|seed_17;seed_0;seed_12;seed_14;seed_11|seed_11;seed_15;seed_14;seed_0;seed_13|seed_17;seed_11;seed_14;seed_16;seed_15|seed_15;seed_11;seed_10;seed_1;seed_17|seed_11;seed_15;seed_10;seed_0;seed_16|seed_15;seed_1;seed_16;seed_13;seed_14,10,2.4444444444444446,0.3377425044091711
RotatE,FB15k237,RotatE_FB15k237,first,10,10,6,1,10,60,seed_0;seed_1;seed_10;seed_11;seed_12;seed_13;seed_14;seed_15;seed_16;seed_17,seed_1;seed_16;seed_0;seed_12;seed_14;seed_10|seed_0;seed_16;seed_11;seed_14;seed_10;seed_1|seed_1;seed_14;seed_0;seed_15;seed_16;seed_12|seed_17;seed_1;seed_12;seed_14;seed_10;seed_0|seed_15;seed_0;seed_13;seed_1;seed_12;seed_11|seed_16;seed_11;seed_10;seed_1;seed_14;seed_13|seed_16;seed_12;seed_0;seed_11;seed_17;seed_15|seed_1;seed_10;seed_13;seed_14;seed_15;seed_17|seed_1;seed_13;seed_15;seed_14;seed_12;seed_16|seed_15;seed_11;seed_10;seed_17;seed_12;seed_14,10,3.533333333333333,0.428994708994709
RotatE,FB15k237,RotatE_FB15k237,first,10,10,8,1,10,80,seed_0;seed_1;seed_10;seed_11;seed_12;seed_13;seed_14;seed_15;seed_16;seed_17,seed_1;seed_16;seed_0;seed_12;seed_14;seed_15;seed_11;seed_10|seed_16;seed_13;seed_14;seed_10;seed_17;seed_0;seed_15;seed_1|seed_0;seed_17;seed_16;seed_14;seed_13;seed_15;seed_1;seed_12|seed_12;seed_15;seed_14;seed_1;seed_13;seed_10;seed_17;seed_0|seed_16;seed_12;seed_10;seed_1;seed_14;seed_17;seed_13;seed_11|seed_0;seed_15;seed_16;seed_12;seed_17;seed_1;seed_10;seed_13|seed_12;seed_1;seed_13;seed_10;seed_17;seed_11;seed_14;seed_15|seed_11;seed_12;seed_10;seed_15;seed_16;seed_13;seed_14;seed_17|seed_0;seed_15;seed_1;seed_13;seed_11;seed_12;seed_10;seed_16|seed_10;seed_13;seed_12;seed_16;seed_17;seed_0;seed_1;seed_14,10,6.377777777777778,0.667160493827161
RotatE,FB15k237,RotatE_FB15k237,first,10,10,2,2,10,20,seed_0;seed_1;seed_10;seed_11;seed_12;seed_13;seed_14;seed_15;seed_16;seed_17,seed_11;seed_0|seed_15;seed_1|seed_14;seed_16|seed_17;seed_10|seed_13;seed_15|seed_17;seed_14|seed_16;seed_12|seed_17;seed_11|seed_12;seed_17|seed_0;seed_13,10,0.28888888888888886,0.0962962962962963
RotatE,FB15k237,RotatE_FB15k237,first,10,10,3,2,10,30,seed_0;seed_1;seed_10;seed_11;seed_12;seed_13;seed_14;seed_15;seed_16;seed_17,seed_11;seed_15;seed_0|seed_15;seed_14;seed_1|seed_17;seed_15;seed_16|seed_17;seed_13;seed_10|seed_0;seed_17;seed_15|seed_13;seed_16;seed_14|seed_14;seed_15;seed_12|seed_15;seed_10;seed_11|seed_16;seed_10;seed_17|seed_11;seed_17;seed_13,10,0.9111111111111111,0.19777777777777777
RotatE,FB15k237,RotatE_FB15k237,first,10,10,4,2,10,40,seed_0;seed_1;seed_10;seed_11;seed_12;seed_13;seed_14;seed_15;seed_16;seed_17,seed_11;seed_15;seed_14;seed_0|seed_15;seed_14;seed_13;seed_1|seed_15;seed_12;seed_0;seed_16|seed_0;seed_14;seed_12;seed_10|seed_13;seed_14;seed_11;seed_15|seed_17;seed_10;seed_12;seed_14|seed_10;seed_11;seed_1;seed_12|seed_0;seed_10;seed_16;seed_11|seed_10;seed_16;seed_12;seed_17|seed_17;seed_14;seed_12;seed_13,10,1.511111111111111,0.253968253968254
RotatE,FB15k237,RotatE_FB15k237,first,10,10,5,2,10,50,seed_0;seed_1;seed_10;seed_11;seed_12;seed_13;seed_14;seed_15;seed_16;seed_17,seed_11;seed_15;seed_14;seed_12;seed_0|seed_17;seed_14;seed_13;seed_12;seed_1|seed_17;seed_12;seed_0;seed_14;seed_16|seed_14;seed_16;seed_11;seed_12;seed_10|seed_14;seed_10;seed_12;seed_1;seed_15|seed_11;seed_17;seed_0;seed_1;seed_14|seed_14;seed_10;seed_1;seed_13;seed_12|seed_17;seed_14;seed_13;seed_16;seed_11|seed_16;seed_10;seed_11;seed_14;seed_17|seed_17;seed_14;seed_15;seed_12;seed_13,10,2.688888888888889,0.38051146384479717
RotatE,FB15k237,RotatE_FB15k237,first,10,10,6,2,10,60,seed_0;seed_1;seed_10;seed_11;seed_12;seed_13;seed_14;seed_15;seed_16;seed_17,seed_11;seed_15;seed_14;seed_12;seed_13;seed_0|seed_14;seed_16;seed_13;seed_11;seed_0;seed_1|seed_0;seed_13;seed_11;seed_10;seed_14;seed_16|seed_15;seed_11;seed_13;seed_1;seed_14;seed_10|seed_11;seed_0;seed_1;seed_10;seed_14;seed_15|seed_10;seed_13;seed_12;seed_16;seed_15;seed_14|seed_10;seed_16;seed_15;seed_11;seed_13;seed_12|seed_14;seed_17;seed_10;seed_12;seed_1;seed_11|seed_14;seed_15;seed_13;seed_12;seed_1;seed_17|seed_16;seed_12;seed_11;seed_17;seed_14;seed_13,10,3.688888888888889,0.4528042328042327
RotatE,FB15k237,RotatE_FB15k237,first,10,10,8,2,10,80,seed_0;seed_1;seed_10;seed_11;seed_12;seed_13;seed_14;seed_15;seed_16;seed_17,seed_11;seed_15;seed_14;seed_12;seed_13;seed_17;seed_16;seed_0|seed_16;seed_13;seed_0;seed_15;seed_11;seed_12;seed_10;seed_1|seed_14;seed_17;seed_12;seed_1;seed_15;seed_13;seed_0;seed_16|seed_12;seed_0;seed_1;seed_11;seed_15;seed_13;seed_14;seed_10|seed_17;seed_13;seed_12;seed_16;seed_14;seed_1;seed_11;seed_15|seed_15;seed_13;seed_17;seed_12;seed_10;seed_16;seed_1;seed_14|seed_10;seed_15;seed_14;seed_16;seed_11;seed_1;seed_13;seed_12|seed_13;seed_16;seed_17;seed_15;seed_10;seed_12;seed_1;seed_11|seed_13;seed_15;seed_11;seed_16;seed_1;seed_10;seed_14;seed_17|seed_10;seed_12;seed_15;seed_11;seed_17;seed_16;seed_14;seed_13,10,6.533333333333333,0.6948148148148152
RotatE,FB15k237,RotatE_FB15k237,first,10,10,2,3,10,20,seed_0;seed_1;seed_10;seed_11;seed_12;seed_13;seed_14;seed_15;seed_16;seed_17,seed_13;seed_11|seed_17;seed_16|seed_12;seed_10|seed_11;seed_15|seed_16;seed_12|seed_16;seed_17|seed_17;seed_0|seed_16;seed_14|seed_15;seed_13|seed_11;seed_1,10,0.3333333333333333,0.1185185185185185
RotatE,FB15k237,RotatE_FB15k237,first,10,10,3,3,10,30,seed_0;seed_1;seed_10;seed_11;seed_12;seed_13;seed_14;seed_15;seed_16;seed_17,seed_13;seed_12;seed_11|seed_11;seed_15;seed_16|seed_17;seed_16;seed_10|seed_14;seed_10;seed_15|seed_11;seed_10;seed_12|seed_16;seed_14;seed_17|seed_1;seed_10;seed_0|seed_10;seed_0;seed_14|seed_12;seed_0;seed_13|seed_13;seed_16;seed_1,10,0.7555555555555555,0.16222222222222227
RotatE,FB15k237,RotatE_FB15k237,first,10,10,4,3,10,40,seed_0;seed_1;seed_10;seed_11;seed_12;seed_13;seed_14;seed_15;seed_16;seed_17,seed_13;seed_12;seed_1;seed_11|seed_15;seed_17;seed_11;seed_16|seed_11;seed_12;seed_14;seed_10|seed_10;seed_14;seed_13;seed_15|seed_0;seed_1;seed_16;seed_12|seed_0;seed_12;seed_14;seed_17|seed_1;seed_13;seed_12;seed_0|seed_15;seed_17;seed_11;seed_14|seed_16;seed_10;seed_17;seed_13|seed_10;seed_0;seed_17;seed_1,10,1.3777777777777778,0.22412698412698415
RotatE,FB15k237,RotatE_FB15k237,first,10,10,5,3,10,50,seed_0;seed_1;seed_10;seed_11;seed_12;seed_13;seed_14;seed_15;seed_16;seed_17,seed_13;seed_12;seed_1;seed_14;seed_11|seed_15;seed_17;seed_11;seed_13;seed_16|seed_11;seed_12;seed_14;seed_1;seed_10|seed_17;seed_14;seed_13;seed_0;seed_15|seed_1;seed_10;seed_15;seed_13;seed_12|seed_0;seed_12;seed_14;seed_16;seed_17|seed_13;seed_16;seed_17;seed_14;seed_0|seed_15;seed_17;seed_11;seed_13;seed_14|seed_16;seed_10;seed_17;seed_0;seed_13|seed_0;seed_11;seed_12;seed_10;seed_1,10,2.3333333333333335,0.32848324514991173
RotatE,FB15k237,RotatE_FB15k237,first,10,10,6,3,10,60,seed_0;seed_1;seed_10;seed_11;seed_12;seed_13;seed_14;seed_15;seed_16;seed_17,seed_13;seed_12;seed_1;seed_14;seed_16;seed_11|seed_17;seed_15;seed_11;seed_13;seed_1;seed_16|seed_12;seed_11;seed_15;seed_13;seed_17;seed_10|seed_0;seed_1;seed_16;seed_12;seed_17;seed_15|seed_13;seed_0;seed_15;seed_10;seed_11;seed_12|seed_14;seed_16;seed_11;seed_13;seed_12;seed_17|seed_16;seed_11;seed_17;seed_1;seed_14;seed_0|seed_10;seed_16;seed_1;seed_17;seed_11;seed_14|seed_12;seed_15;seed_17;seed_11;seed_16;seed_13|seed_14;seed_15;seed_13;seed_10;seed_11;seed_1,10,3.6222222222222222,0.44634920634920616
RotatE,FB15k237,RotatE_FB15k237,first,10,10,8,3,10,80,seed_0;seed_1;seed_10;seed_11;seed_12;seed_13;seed_14;seed_15;seed_16;seed_17,seed_13;seed_12;seed_1;seed_14;seed_16;seed_17;seed_15;seed_11|seed_10;seed_11;seed_13;seed_1;seed_12;seed_15;seed_17;seed_16|seed_0;seed_1;seed_16;seed_13;seed_17;seed_11;seed_14;seed_10|seed_12;seed_16;seed_17;seed_13;seed_11;seed_14;seed_1;seed_15|seed_16;seed_10;seed_17;seed_0;seed_14;seed_1;seed_11;seed_12|seed_11;seed_12;seed_13;seed_16;seed_10;seed_14;seed_15;seed_17|seed_15;seed_14;seed_13;seed_17;seed_12;seed_10;seed_16;seed_0|seed_0;seed_12;seed_16;seed_13;seed_1;seed_10;seed_11;seed_14|seed_1;seed_11;seed_14;seed_12;seed_10;seed_15;seed_0;seed_13|seed_10;seed_16;seed_15;seed_14;seed_12;seed_0;seed_17;seed_1,10,6.311111111111111,0.6562962962962968
RotatE,FB15k237,RotatE_FB15k237,first,10,10,2,4,10,20,seed_0;seed_1;seed_10;seed_11;seed_12;seed_13;seed_14;seed_15;seed_16;seed_17,seed_15;seed_11|seed_17;seed_12|seed_13;seed_1|seed_0;seed_13|seed_11;seed_17|seed_17;seed_14|seed_17;seed_15|seed_14;seed_0|seed_13;seed_10|seed_10;seed_16,10,0.3111111111111111,0.10370370370370369
RotatE,FB15k237,RotatE_FB15k237,first,10,10,3,4,10,30,seed_0;seed_1;seed_10;seed_11;seed_12;seed_13;seed_14;seed_15;seed_16;seed_17,seed_15;seed_13;seed_11|seed_0;seed_11;seed_12|seed_17;seed_14;seed_1|seed_12;seed_10;seed_13|seed_1;seed_12;seed_17|seed_11;seed_0;seed_14|seed_12;seed_17;seed_15|seed_12;seed_11;seed_0|seed_13;seed_17;seed_10|seed_13;seed_1;seed_16,10,0.8222222222222222,0.18444444444444447
RotatE,FB15k237,RotatE_FB15k237,first,10,10,4,4,10,40,seed_0;seed_1;seed_10;seed_11;seed_12;seed_13;seed_14;seed_15;seed_16;seed_17,seed_15;seed_13;seed_17;seed_11|seed_0;seed_11;seed_13;seed_12|seed_17;seed_14;seed_11;seed_1|seed_10;seed_1;seed_17;seed_13|seed_11;seed_0;seed_14;seed_17|seed_12;seed_17;seed_1;seed_14|seed_10;seed_12;seed_17;seed_15|seed_14;seed_10;seed_15;seed_0|seed_14;seed_15;seed_13;seed_10|seed_11;seed_10;seed_1;seed_16,10,1.5333333333333334,0.24952380952380945
RotatE,FB15k237,RotatE_FB15k237,first,10,10,5,4,10,50,seed_0;seed_1;seed_10;seed_11;seed_12;seed_13;seed_14;seed_15;seed_16;seed_17,seed_15;seed_13;seed_17;seed_0;seed_11|seed_11;seed_14;seed_10;seed_1;seed_12|seed_10;seed_13;seed_17;seed_0;seed_1|seed_12;seed_17;seed_1;seed_15;seed_13|seed_12;seed_16;seed_13;seed_14;seed_17|seed_13;seed_1;seed_15;seed_12;seed_14|seed_13;seed_14;seed_12;seed_1;seed_15|seed_11;seed_12;seed_16;seed_17;seed_0|seed_1;seed_13;seed_0;seed_11;seed_10|seed_12;seed_11;seed_15;seed_14;seed_16,10,2.422222222222222,0.34091710758377425
RotatE,FB15k237,RotatE_FB15k237,first,10,10,6,4,10,60,seed_0;seed_1;seed_10;seed_11;seed_12;seed_13;seed_14;seed_15;seed_16;seed_17,seed_15;seed_13;seed_17;seed_0;seed_1;seed_11|seed_17;seed_14;seed_10;seed_1;seed_0;seed_12|seed_13;seed_12;seed_0;seed_14;seed_11;seed_1|seed_12;seed_11;seed_1;seed_10;seed_14;seed_13|seed_13;seed_1;seed_14;seed_12;seed_10;seed_17|seed_15;seed_11;seed_1;seed_17;seed_16;seed_14|seed_12;seed_1;seed_14;seed_17;seed_10;seed_15|seed_1;seed_13;seed_16;seed_14;seed_11;seed_0|seed_17;seed_12;seed_16;seed_15;seed_13;seed_10|seed_12;seed_14;seed_11;seed_1;seed_13;seed_16,10,3.6444444444444444,0.4524867724867724
RotatE,FB15k237,RotatE_FB15k237,first,10,10,8,4,10,80,seed_0;seed_1;seed_10;seed_11;seed_12;seed_13;seed_14;seed_15;seed_16;seed_17,seed_15;seed_13;seed_17;seed_0;seed_1;seed_10;seed_16;seed_11|seed_10;seed_1;seed_17;seed_16;seed_0;seed_15;seed_14;seed_12|seed_12;seed_11;seed_16;seed_15;seed_14;seed_0;seed_13;seed_1|seed_14;seed_15;seed_12;seed_1;seed_17;seed_16;seed_11;seed_13|seed_12;seed_1;seed_14;seed_16;seed_10;seed_0;seed_15;seed_17|seed_12;seed_11;seed_16;seed_15;seed_17;seed_10;seed_1;seed_14|seed_16;seed_10;seed_1;seed_17;seed_13;seed_0;seed_11;seed_15|seed_1;seed_16;seed_14;seed_11;seed_13;seed_12;seed_15;seed_0|seed_14;seed_11;seed_17;seed_1;seed_0;seed_12;seed_13;seed_10|seed_15;seed_12;seed_1;seed_10;seed_11;seed_13;seed_17;seed_16,10,6.333333333333333,0.6622222222222228
RotatE,FB15k237,RotatE_FB15k237,first,20,10,2,0,10,20,seed_0;seed_1;seed_10;seed_11;seed_12;seed_13;seed_14;seed_15;seed_16;seed_17;seed_18;seed_19;seed_2;seed_20;seed_21;seed_22;seed_23;seed_24;seed_25;seed_26,seed_26;seed_2|seed_14;seed_20|seed_24;seed_1|seed_12;seed_16|seed_17;seed_22|seed_12;seed_14|seed_11;seed_26|seed_17;seed_12|seed_25;seed_15|seed_12;seed_13,14,0.2,0.06666666666666667
RotatE,FB15k237,RotatE_FB15k237,first,20,10,3,0,10,30,seed_0;seed_1;seed_10;seed_11;seed_12;seed_13;seed_14;seed_15;seed_16;seed_17;seed_18;seed_19;seed_2;seed_20;seed_21;seed_22;seed_23;seed_24;seed_25;seed_26,seed_26;seed_14;seed_2|seed_24;seed_12;seed_20|seed_18;seed_13;seed_1|seed_11;seed_17;seed_16|seed_25;seed_12;seed_22|seed_18;seed_11;seed_14|seed_10;seed_18;seed_26|seed_23;seed_25;seed_12|seed_11;seed_2;seed_15|seed_21;seed_19;seed_13,19,0.3111111111111111,0.06444444444444446
RotatE,FB15k237,RotatE_FB15k237,first,20,10,4,0,10,40,seed_0;seed_1;seed_10;seed_11;seed_12;seed_13;seed_14;seed_15;seed_16;seed_17;seed_18;seed_19;seed_2;seed_20;seed_21;seed_22;seed_23;seed_24;seed_25;seed_26,seed_26;seed_14;seed_24;seed_2|seed_12;seed_17;seed_26;seed_20|seed_12;seed_17;seed_13;seed_1|seed_18;seed_11;seed_10;seed_16|seed_18;seed_23;seed_11;seed_22|seed_2;seed_21;seed_19;seed_14|seed_14;seed_24;seed_22;seed_26|seed_22;seed_24;seed_17;seed_12|seed_1;seed_25;seed_0;seed_15|seed_10;seed_20;seed_0;seed_13,20,0.5777777777777777,0.09269841269841271
RotatE,FB15k237,RotatE_FB15k237,first,20,10,5,0,10,50,seed_0;seed_1;seed_10;seed_11;seed_12;seed_13;seed_14;seed_15;seed_16;seed_17;seed_18;seed_19;seed_2;seed_20;seed_21;seed_22;seed_23;seed_24;seed_25;seed_26,seed_26;seed_14;seed_24;seed_12;seed_2|seed_17;seed_12;seed_11;seed_16;seed_20|seed_25;seed_13;seed_18;seed_12;seed_1|seed_10;seed_19;seed_23;seed_11;seed_16|seed_19;seed_20;seed_18;seed_14;seed_22|seed_25;seed_23;seed_22;seed_17;seed_14|seed_1;seed_24;seed_0;seed_10;seed_26|seed_20;seed_0;seed_23;seed_19;seed_12|seed_16;seed_19;seed_10;seed_14;seed_15|seed_26;seed_16;seed_25;seed_12;seed_13,19,1.1333333333333333,0.13571428571428562
RotatE,FB15k237,RotatE_FB15k237,first,20,10,6,0,10,60,seed_0;seed_1;seed_10;seed_11;seed_12;seed_13;seed_14;seed_15;seed_16;seed_17;seed_18;seed_19;seed_2;seed_20;seed_21;seed_22;seed_23;seed_24;seed_25;seed_26,seed_26;seed_14;seed_24;seed_12;seed_23;seed_2|seed_12;seed_11;seed_16;seed_26;seed_23;seed_20|seed_12;seed_11;seed_19;seed_23;seed_17;seed_1|seed_11;seed_2;seed_21;seed_19;seed_18;seed_16|seed_14;seed_25;seed_23;seed_21;seed_20;seed_22|seed_24;seed_17;seed_1;seed_0;seed_26;seed_14|seed_2;seed_0;seed_22;seed_18;seed_11;seed_26|seed_19;seed_10;seed_15;seed_16;seed_11;seed_12|seed_12;seed_25;seed_22;seed_10;seed_1;seed_15|seed_19;seed_24;seed_23;seed_11;seed_12;seed_13,20,1.7333333333333334,0.18026936026936025
RotatE,FB15k237,RotatE_FB15k237,first,20,10,8,0,10,80,seed_0;seed_1;seed_10;seed_11;seed_12;seed_13;seed_14;seed_15;seed_16;seed_17;seed_18;seed_19;seed_2;seed_20;seed_21;seed_22;seed_23;seed_24;seed_25;seed_26,seed_26;seed_14;seed_24;seed_12;seed_23;seed_10;seed_20;seed_2|seed_11;seed_16;seed_12;seed_17;seed_1;seed_19;seed_22;seed_20|seed_19;seed_23;seed_12;seed_2;seed_15;seed_14;seed_18;seed_1|seed_14;seed_25;seed_23;seed_22;seed_21;seed_17;seed_12;seed_16|seed_1;seed_25;seed_0;seed_10;seed_19;seed_20;seed_14;seed_22|seed_0;seed_23;seed_19;seed_16;seed_2;seed_13;seed_22;seed_14|seed_10;seed_14;seed_15;seed_23;seed_2;seed_25;seed_21;seed_26|seed_25;seed_22;seed_10;seed_24;seed_14;seed_17;seed_16;seed_12|seed_11;seed_18;seed_25;seed_26;seed_17;seed_13;seed_22;seed_15|seed_15;seed_25;seed_18;seed_22;seed_1;seed_24;seed_20;seed_13,20,3.111111111111111,0.2499130499130498
RotatE,FB15k237,RotatE_FB15k237,first,20,10,2,1,10,20,seed_0;seed_1;seed_10;seed_11;seed_12;seed_13;seed_14;seed_15;seed_16;seed_17;seed_18;seed_19;seed_2;seed_20;seed_21;seed_22;seed_23;seed_24;seed_25;seed_26,seed_20;seed_12|seed_14;seed_25|seed_12;seed_10|seed_23;seed_16|seed_0;seed_11|seed_20;seed_15|seed_21;seed_2|seed_0;seed_21|seed_22;seed_20|seed_16;seed_18,14,0.15555555555555556,0.05185185185185184
RotatE,FB15k237,RotatE_FB15k237,first,20,10,3,1,10,30,seed_0;seed_1;seed_10;seed_11;seed_12;seed_13;seed_14;seed_15;seed_16;seed_17;seed_18;seed_19;seed_2;seed_20;seed_21;seed_22;seed_23;seed_24;seed_25;seed_26,seed_20;seed_15;seed_12|seed_11;seed_22;seed_25|seed_0;seed_20;seed_10|seed_21;seed_0;seed_16|seed_22;seed_17;seed_11|seed_16;seed_11;seed_15|seed_18;seed_0;seed_2|seed_0;seed_26;seed_21|seed_25;seed_0;seed_20|seed_20;seed_14;seed_18,15,0.5555555555555556,0.11777777777777781
RotatE,FB15k237,RotatE_FB15k237,first,20,10,4,1,10,40,seed_0;seed_1;seed_10;seed_11;seed_12;seed_13;seed_14;seed_15;seed_16;seed_17;seed_18;seed_19;seed_2;seed_20;seed_21;seed_22;seed_23;seed_24;seed_25;seed_26,seed_20;seed_15;seed_11;seed_12|seed_22;seed_0;seed_2;seed_25|seed_21;seed_0;seed_22;seed_10|seed_17;seed_15;seed_11;seed_16|seed_19;seed_0;seed_25;seed_11|seed_0;seed_25;seed_26;seed_15|seed_20;seed_14;seed_21;seed_2|seed_0;seed_24;seed_15;seed_21|seed_22;seed_23;seed_15;seed_20|seed_2;seed_15;seed_25;seed_18,18,1.0222222222222221,0.1566137566137567
RotatE,FB15k237,RotatE_FB15k237,first,20,10,5,1,10,50,seed_0;seed_1;seed_10;seed_11;seed_12;seed_13;seed_14;seed_15;seed_16;seed_17;seed_18;seed_19;seed_2;seed_20;seed_21;seed_22;seed_23;seed_24;seed_25;seed_26,seed_20;seed_15;seed_11;seed_23;seed_12|seed_0;seed_2;seed_20;seed_26;seed_25|seed_22;seed_17;seed_16;seed_12;seed_10|seed_19;seed_0;seed_25;seed_24;seed_16|seed_25;seed_0;seed_20;seed_15;seed_11|seed_21;seed_0;seed_24;seed_16;seed_15|seed_22;seed_23;seed_15;seed_19;seed_2|seed_15;seed_26;seed_22;seed_17;seed_21|seed_0;seed_21;seed_11;seed_13;seed_20|seed_17;seed_11;seed_19;seed_21;seed_18,18,1.288888888888889,0.15908289241622567
RotatE,FB15k237,RotatE_FB15k237,first,20,10,6,1,10,60,seed_0;seed_1;seed_10;seed_11;seed_12;seed_13;seed_14;seed_15;seed_16;seed_17;seed_18;seed_19;seed_2;seed_20;seed_21;seed_22;seed_23;seed_24;seed_25;seed_26,seed_20;seed_15;seed_11;seed_23;seed_0;seed_12|seed_2;seed_20;seed_0;seed_21;seed_12;seed_25|seed_16;seed_12;seed_19;seed_0;seed_23;seed_10|seed_0;seed_25;seed_26;seed_20;seed_19;seed_16|seed_15;seed_21;seed_0;seed_16;seed_20;seed_11|seed_22;seed_23;seed_16;seed_2;seed_11;seed_15|seed_15;seed_22;seed_17;seed_0;seed_14;seed_2|seed_25;seed_11;seed_13;seed_17;seed_1;seed_21|seed_18;seed_24;seed_21;seed_14;seed_12;seed_20|seed_17;seed_23;seed_24;seed_20;seed_26;seed_18,20,1.8,0.18673400673400675
RotatE,FB15k237,RotatE_FB15k237,first,20,10,8,1,10,80,seed_0;seed_1;seed_10;seed_11;seed_12;seed_13;seed_14;seed_15;seed_16;seed_17;seed_18;seed_19;seed_2;seed_20;seed_21;seed_22;seed_23;seed_24;seed_25;seed_26,seed_20;seed_15;seed_11;seed_23;seed_0;seed_21;seed_25;seed_12|seed_20;seed_0;seed_21;seed_16;seed_19;seed_2;seed_11;seed_25|seed_26;seed_12;seed_19;seed_0;seed_23;seed_22;seed_24;seed_10|seed_25;seed_0;seed_20;seed_14;seed_23;seed_2;seed_26;seed_16|seed_24;seed_16;seed_22;seed_23;seed_17;seed_12;seed_14;seed_11|seed_16;seed_26;seed_22;seed_18;seed_24;seed_0;seed_14;seed_15|seed_25;seed_11;seed_13;seed_17;seed_1;seed_19;seed_24;seed_2|seed_24;seed_20;seed_26;seed_14;seed_12;seed_22;seed_17;seed_21|seed_23;seed_24;seed_2;seed_1;seed_15;seed_11;seed_19;seed_20|seed_20;seed_21;seed_13;seed_2;seed_16;seed_23;seed_26;seed_18,20,3.111111111111111,0.24970732970732956
RotatE,FB15k237,RotatE_FB15k237,first,20,10,2,2,10,20,seed_0;seed_1;seed_10;seed_11;seed_12;seed_13;seed_14;seed_15;seed_16;seed_17;seed_18;seed_19;seed_2;seed_20;seed_21;seed_22;seed_23;seed_24;seed_25;seed_26,seed_15;seed_1|seed_1;seed_10|seed_26;seed_25|seed_13;seed_19|seed_21;seed_13|seed_2;seed_23|seed_24;seed_2|seed_2;seed_18|seed_25;seed_12|seed_22;seed_21,14,0.15555555555555556,0.05185185185185184
RotatE,FB15k237,RotatE_FB15k237,first,20,10,3,2,10,30,seed_0;seed_1;seed_10;seed_11;seed_12;seed_13;seed_14;seed_15;seed_16;seed_17;seed_18;seed_19;seed_2;seed_20;seed_21;seed_22;seed_23;seed_24;seed_25;seed_26,seed_15;seed_10;seed_1|seed_26;seed_14;seed_10|seed_20;seed_2;seed_25|seed_24;seed_2;seed_19|seed_25;seed_22;seed_13|seed_24;seed_16;seed_23|seed_1;seed_0;seed_2|seed_2;seed_22;seed_18|seed_19;seed_20;seed_12|seed_20;seed_24;seed_21,18,0.37777777777777777,0.07555555555555557
RotatE,FB15k237,RotatE_FB15k237,first,20,10,4,2,10,40,seed_0;seed_1;seed_10;seed_11;seed_12;seed_13;seed_14;seed_15;seed_16;seed_17;seed_18;seed_19;seed_2;seed_20;seed_21;seed_22;seed_23;seed_24;seed_25;seed_26,seed_15;seed_10;seed_14;seed_1|seed_21;seed_20;seed_24;seed_10|seed_19;seed_24;seed_21;seed_25|seed_24;seed_16;seed_1;seed_19|seed_0;seed_2;seed_22;seed_13|seed_18;seed_2;seed_20;seed_23|seed_24;seed_13;seed_25;seed_2|seed_15;seed_26;seed_0;seed_18|seed_14;seed_19;seed_26;seed_12|seed_12;seed_24;seed_25;seed_21,18,0.7111111111111111,0.11174603174603176
RotatE,FB15k237,RotatE_FB15k237,first,20,10,5,2,10,50,seed_0;seed_1;seed_10;seed_11;seed_12;seed_13;seed_14;seed_15;seed_16;seed_17;seed_18;seed_19;seed_2;seed_20;seed_21;seed_22;seed_23;seed_24;seed_25;seed_26,seed_15;seed_10;seed_14;seed_21;seed_1|seed_20;seed_24;seed_2;seed_22;seed_10|seed_23;seed_16;seed_1;seed_0;seed_25|seed_2;seed_22;seed_18;seed_20;seed_19|seed_21;seed_24;seed_14;seed_25;seed_13|seed_15;seed_26;seed_0;seed_13;seed_23|seed_18;seed_13;seed_12;seed_19;seed_2|seed_24;seed_25;seed_13;seed_22;seed_18|seed_21;seed_24;seed_2;seed_25;seed_12|seed_19;seed_22;seed_13;seed_2;seed_21,18,1.288888888888889,0.16331569664902995
RotatE,FB15k237,RotatE_FB15k237,first,20,10,6,2,10,60,seed_0;seed_1;seed_10;seed_11;seed_12;seed_13;seed_14;seed_15;seed_16;seed_17;seed_18;seed_19;seed_2;seed_20;seed_21;seed_22;seed_23;seed_24;seed_25;seed_26,seed_15;seed_10;seed_14;seed_21;seed_19;seed_1|seed_20;seed_24;seed_2;seed_22;seed_17;seed_10|seed_16;seed_1;seed_0;seed_19;seed_15;seed_25|seed_18;seed_20;seed_21;seed_13;seed_16;seed_19|seed_14;seed_16;seed_25;seed_0;seed_10;seed_13|seed_18;seed_13;seed_12;seed_19;seed_16;seed_23|seed_25;seed_13;seed_22;seed_21;seed_19;seed_2|seed_24;seed_2;seed_25;seed_26;seed_21;seed_18|seed_22;seed_14;seed_20;seed_26;seed_19;seed_12|seed_24;seed_15;seed_23;seed_16;seed_22;seed_21,19,1.7555555555555555,0.17811447811447817
RotatE,FB15k237,RotatE_FB15k237,first,20,10,8,2,10,80,seed_0;seed_1;seed_10;seed_11;seed_12;seed_13;seed_14;seed_15;seed_16;seed_17;seed_18;seed_19;seed_2;seed_20;seed_21;seed_22;seed_23;seed_24;seed_25;seed_26,seed_15;seed_10;seed_14;seed_21;seed_19;seed_26;seed_20;seed_1|seed_24;seed_2;seed_22;seed_17;seed_26;seed_0;seed_21;seed_10|seed_19;seed_21;seed_18;seed_2;seed_14;seed_16;seed_10;seed_25|seed_25;seed_13;seed_15;seed_24;seed_0;seed_10;seed_26;seed_19|seed_14;seed_12;seed_24;seed_2;seed_17;seed_19;seed_22;seed_13|seed_13;seed_21;seed_20;seed_19;seed_2;seed_17;seed_26;seed_23|seed_19;seed_22;seed_13;seed_20;seed_26;seed_25;seed_15;seed_2|seed_24;seed_15;seed_23;seed_16;seed_22;seed_25;seed_26;seed_18|seed_24;seed_2;seed_22;seed_26;seed_14;seed_18;seed_25;seed_12|seed_25;seed_22;seed_23;seed_15;seed_13;seed_20;seed_19;seed_21,19,3.488888888888889,0.286956006956007
RotatE,FB15k237,RotatE_FB15k237,first,20,10,2,3,10,20,seed_0;seed_1;seed_10;seed_11;seed_12;seed_13;seed_14;seed_15;seed_16;seed_17;seed_18;seed_19;seed_2;seed_20;seed_21;seed_22;seed_23;seed_24;seed_25;seed_26,seed_10;seed_15|seed_0;seed_25|seed_22;seed_24|seed_17;seed_12|seed_25;seed_19|seed_15;seed_21|seed_14;seed_17|seed_22;seed_26|seed_25;seed_18|seed_25;seed_20,14,0.2,0.06666666666666667
RotatE,FB15k237,RotatE_FB15k237,first,20,10,3,3,10,30,seed_0;seed_1;seed_10;seed_11;seed_12;seed_13;seed_14;seed_15;seed_16;seed_17;seed_18;seed_19;seed_2;seed_20;seed_21;seed_22;seed_23;seed_24;seed_25;seed_26,seed_10;seed_0;seed_15|seed_22;seed_16;seed_25|seed_25;seed_15;seed_24|seed_15;seed_23;seed_12|seed_25;seed_26;seed_19|seed_23;seed_2;seed_21|seed_12;seed_15;seed_17|seed_12;seed_23;seed_26|seed_20;seed_0;seed_18|seed_10;seed_13;seed_20,17,0.4222222222222222,0.08888888888888889
RotatE,FB15k237,RotatE_FB15k237,first,20,10,4,3,10,40,seed_0;seed_1;seed_10;seed_11;seed_12;seed_13;seed_14;seed_15;seed_16;seed_17;seed_18;seed_19;seed_2;seed_20;seed_21;seed_22;seed_23;seed_24;seed_25;seed_26,seed_10;seed_0;seed_23;seed_15|seed_16;seed_24;seed_15;seed_25|seed_14;seed_22;seed_25;seed_24|seed_20;seed_13;seed_16;seed_12|seed_12;seed_24;seed_20;seed_19|seed_0;seed_10;seed_13;seed_21|seed_26;seed_1;seed_18;seed_17|seed_0;seed_16;seed_22;seed_26|seed_20;seed_21;seed_26;seed_18|seed_26;seed_22;seed_12;seed_20,18,0.7333333333333333,0.11322751322751322
RotatE,FB15k237,RotatE_FB15k237,first,20,10,5,3,10,50,seed_0;seed_1;seed_10;seed_11;seed_12;seed_13;seed_14;seed_15;seed_16;seed_17;seed_18;seed_19;seed_2;seed_20;seed_21;seed_22;seed_23;seed_24;seed_25;seed_26,seed_10;seed_0;seed_23;seed_17;seed_15|seed_24;seed_15;seed_14;seed_22;seed_25|seed_25;seed_26;seed_22;seed_2;seed_24|seed_13;seed_16;seed_26;seed_20;seed_12|seed_0;seed_10;seed_13;seed_1;seed_19|seed_17;seed_0;seed_16;seed_23;seed_21|seed_20;seed_21;seed_26;seed_22;seed_17|seed_12;seed_19;seed_11;seed_1;seed_26|seed_12;seed_23;seed_14;seed_16;seed_18|seed_21;seed_17;seed_26;seed_2;seed_20,20,1.0222222222222221,0.12954144620811286
RotatE,FB15k237,RotatE_FB15k237,first,20,10,6,3,10,60,seed_0;seed_1;seed_10;seed_11;seed_12;seed_13;seed_14;seed_15;seed_16;seed_17;seed_18;seed_19;seed_2;seed_20;seed_21;seed_22;seed_23;seed_24;seed_25;seed_26,seed_10;seed_0;seed_23;seed_17;seed_24;seed_15|seed_15;seed_14;seed_22;seed_23;seed_24;seed_25|seed_12;seed_15;seed_26;seed_2;seed_19;seed_24|seed_0;seed_10;seed_14;seed_1;seed_13;seed_12|seed_0;seed_16;seed_23;seed_20;seed_2;seed_19|seed_20;seed_2;seed_22;seed_12;seed_24;seed_21|seed_2;seed_11;seed_1;seed_12;seed_15;seed_17|seed_14;seed_16;seed_20;seed_17;seed_25;seed_26|seed_24;seed_20;seed_2;seed_21;seed_17;seed_18|seed_15;seed_18;seed_0;seed_16;seed_17;seed_20,20,1.7555555555555555,0.17932659932659933
RotatE,FB15k237,RotatE_FB15k237,first,20,10,8,3,10,80,seed_0;seed_1;seed_10;seed_11;seed_12;seed_13;seed_14;seed_15;seed_16;seed_17;seed_18;seed_19;seed_2;seed_20;seed_21;seed_22;seed_23;seed_24;seed_25;seed_26,seed_10;seed_0;seed_23;seed_17;seed_24;seed_11;seed_21;seed_15|seed_22;seed_24;seed_26;seed_2;seed_18;seed_20;seed_10;seed_25|seed_15;seed_12;seed_23;seed_2;seed_19;seed_0;seed_18;seed_24|seed_10;seed_14;seed_1;seed_18;seed_20;seed_0;seed_13;seed_12|seed_23;seed_20;seed_21;seed_25;seed_2;seed_26;seed_17;seed_19|seed_22;seed_12;seed_19;seed_11;seed_0;seed_10;seed_15;seed_21|seed_14;seed_16;seed_21;seed_18;seed_26;seed_25;seed_22;seed_17|seed_25;seed_19;seed_20;seed_15;seed_21;seed_13;seed_18;seed_26|seed_0;seed_16;seed_13;seed_19;seed_25;seed_17;seed_21;seed_18|seed_11;seed_14;seed_16;seed_17;seed_1;seed_22;seed_15;seed_20,20,2.9555555555555557,0.2348362748362748
RotatE,FB15k237,RotatE_FB15k237,first,20,10,2,4,10,20,seed_0;seed_1;seed_10;seed_11;seed_12;seed_13;seed_14;seed_15;seed_16;seed_17;seed_18;seed_19;seed_2;seed_20;seed_21;seed_22;seed_23;seed_24;seed_25;seed_26,seed_25;seed_15|seed_18;seed_17|seed_1;seed_11|seed_15;seed_2|seed_24;seed_22|seed_25;seed_10|seed_2;seed_1|seed_16;seed_20|seed_14;seed_0|seed_11;seed_14,14,0.13333333333333333,0.04444444444444444
RotatE,FB15k237,RotatE_FB15k237,first,20,10,3,4,10,30,seed_0;seed_1;seed_10;seed_11;seed_12;seed_13;seed_14;seed_15;seed_16;seed_17;seed_18;seed_19;seed_2;seed_20;seed_21;seed_22;seed_23;seed_24;seed_25;seed_26,seed_25;seed_18;seed_15|seed_1;seed_15;seed_17|seed_24;seed_25;seed_11|seed_19;seed_16;seed_2|seed_13;seed_11;seed_22|seed_17;seed_15;seed_10|seed_0;seed_17;seed_1|seed_16;seed_14;seed_20|seed_14;seed_18;seed_0|seed_18;seed_2;seed_14,16,0.4,0.0866666666666667
RotatE,FB15k237,RotatE_FB15k237,first,20,10,4,4,10,40,seed_0;seed_1;seed_10;seed_11;seed_12;seed_13;seed_14;seed_15;seed_16;seed_17;seed_18;seed_19;seed_2;seed_20;seed_21;seed_22;seed_23;seed_24;seed_25;seed_26,seed_25;seed_18;seed_1;seed_15|seed_15;seed_24;seed_2;seed_17|seed_17;seed_14;seed_12;seed_11|seed_16;seed_14;seed_0;seed_2|seed_16;seed_26;seed_14;seed_22|seed_14;seed_18;seed_25;seed_10|seed_2;seed_11;seed_19;seed_1|seed_2;seed_24;seed_15;seed_20|seed_14;seed_16;seed_23;seed_0|seed_17;seed_10;seed_18;seed_14,18,0.8666666666666667,0.1394708994708995
RotatE,FB15k237,RotatE_FB15k237,first,20,10,5,4,10,50,seed_0;seed_1;seed_10;seed_11;seed_12;seed_13;seed_14;seed_15;seed_16;seed_17;seed_18;seed_19;seed_2;seed_20;seed_21;seed_22;seed_23;seed_24;seed_25;seed_26,seed_25;seed_18;seed_1;seed_16;seed_15|seed_24;seed_25;seed_2;seed_16;seed_17|seed_14;seed_12;seed_17;seed_15;seed_11|seed_0;seed_16;seed_25;seed_14;seed_2|seed_13;seed_17;seed_25;seed_19;seed_22|seed_11;seed_19;seed_20;seed_16;seed_10|seed_14;seed_16;seed_23;seed_17;seed_1|seed_10;seed_25;seed_17;seed_0;seed_20|seed_18;seed_26;seed_24;seed_15;seed_0|seed_21;seed_26;seed_18;seed_25;seed_14,20,1.288888888888889,0.15458553791887114
RotatE,FB15k237,RotatE_FB15k237,first,20,10,6,4,10,60,seed_0;seed_1;seed_10;seed_11;seed_12;seed_13;seed_14;seed_15;seed_16;seed_17;seed_18;seed_19;seed_2;seed_20;seed_21;seed_22;seed_23;seed_24;seed_25;seed_26,seed_25;seed_18;seed_1;seed_16;seed_17;seed_15|seed_25;seed_2;seed_16;seed_13;seed_21;seed_17|seed_12;seed_17;seed_15;seed_0;seed_21;seed_11|seed_16;seed_26;seed_14;seed_13;seed_12;seed_2|seed_17;seed_19;seed_10;seed_18;seed_23;seed_22|seed_20;seed_24;seed_16;seed_14;seed_12;seed_10|seed_23;seed_17;seed_11;seed_18;seed_0;seed_1|seed_17;seed_26;seed_24;seed_14;seed_23;seed_20|seed_21;seed_18;seed_26;seed_22;seed_11;seed_0|seed_16;seed_18;seed_17;seed_1;seed_23;seed_14,20,1.7555555555555555,0.18451178451178452
RotatE,FB15k237,RotatE_FB15k237,first,20,10,8,4,10,80,seed_0;seed_1;seed_10;seed_11;seed_12;seed_13;seed_14;seed_15;seed_16;seed_17;seed_18;seed_19;seed_2;seed_20;seed_21;seed_22;seed_23;seed_24;seed_25;seed_26,seed_25;seed_18;seed_1;seed_16;seed_17;seed_22;seed_13;seed_15|seed_16;seed_13;seed_11;seed_26;seed_24;seed_0;seed_19;seed_17|seed_17;seed_26;seed_15;seed_14;seed_13;seed_22;seed_19;seed_11|seed_19;seed_10;seed_18;seed_20;seed_16;seed_11;seed_25;seed_2|seed_15;seed_23;seed_16;seed_10;seed_21;seed_20;seed_24;seed_22|seed_18;seed_0;seed_26;seed_24;seed_21;seed_20;seed_17;seed_10|seed_15;seed_21;seed_25;seed_18;seed_26;seed_16;seed_11;seed_1|seed_15;seed_17;seed_16;seed_1;seed_23;seed_0;seed_26;seed_20|seed_17;seed_24;seed_23;seed_19;seed_11;seed_25;seed_12;seed_0|seed_10;seed_21;seed_15;seed_22;seed_12;seed_26;seed_13;seed_14,20,3.066666666666667,0.24466940466940462
RotatE,FB15k237,RotatE_FB15k237,first,30,10,2,0,10,20,seed_0;seed_1;seed_10;seed_11;seed_12;seed_13;seed_14;seed_15;seed_16;seed_17;seed_18;seed_19;seed_2;seed_20;seed_21;seed_22;seed_23;seed_24;seed_25;seed_26;seed_27;seed_28;seed_29;seed_3;seed_4;seed_5;seed_6;seed_7;seed_8;seed_9,seed_22;seed_7|seed_19;seed_2|seed_25;seed_4|seed_9;seed_20|seed_15;seed_1|seed_24;seed_16|seed_12;seed_23|seed_17;seed_22|seed_12;seed_8|seed_5;seed_17,17,0.06666666666666667,0.022222222222222223
RotatE,FB15k237,RotatE_FB15k237,first,30,10,3,0,10,30,seed_0;seed_1;seed_10;seed_11;seed_12;seed_13;seed_14;seed_15;seed_16;seed_17;seed_18;seed_19;seed_2;seed_20;seed_21;seed_22;seed_23;seed_24;seed_25;seed_26;seed_27;seed_28;seed_29;seed_3;seed_4;seed_5;seed_6;seed_7;seed_8;seed_9,seed_22;seed_19;seed_7|seed_26;seed_9;seed_2|seed_14;seed_23;seed_4|seed_12;seed_17;seed_20|seed_13;seed_5;seed_1|seed_11;seed_27;seed_16|seed_6;seed_16;seed_23|seed_25;seed_3;seed_22|seed_5;seed_26;seed_8|seed_9;seed_12;seed_17,22,0.17777777777777778,0.03777777777777778
RotatE,FB15k237,RotatE_FB15k237,first,30,10,4,0,10,40,seed_0;seed_1;seed_10;seed_11;seed_12;seed_13;seed_14;seed_15;seed_16;seed_17;seed_18;seed_19;seed_2;seed_20;seed_21;seed_22;seed_23;seed_24;seed_25;seed_26;seed_27;seed_28;seed_29;seed_3;seed_4;seed_5;seed_6;seed_7;seed_8;seed_9,seed_22;seed_19;seed_25;seed_7|seed_9;seed_14;seed_24;seed_2|seed_12;seed_17;seed_5;seed_4|seed_11;seed_27;seed_6;seed_20|seed_17;seed_25;seed_3;seed_1|seed_6;seed_27;seed_9;seed_16|seed_12;seed_17;seed_11;seed_23|seed_4;seed_10;seed_9;seed_22|seed_7;seed_28;seed_18;seed_8|seed_23;seed_25;seed_11;seed_17,24,0.4888888888888889,0.07682539682539682
RotatE,FB15k237,RotatE_FB15k237,first,30,10,5,0,10,50,seed_0;seed_1;seed_10;seed_11;seed_12;seed_13;seed_14;seed_15;seed_16;seed_17;seed_18;seed_19;seed_2;seed_20;seed_21;seed_22;seed_23;seed_24;seed_25;seed_26;seed_27;seed_28;seed_29;seed_3;seed_4;seed_5;seed_6;seed_7;seed_8;seed_9,seed_22;seed_19;seed_25;seed_9;seed_7|seed_14;seed_24;seed_12;seed_17;seed_2|seed_12;seed_5;seed_11;seed_26;seed_4|seed_6;seed_16;seed_25;seed_3;seed_20|seed_6;seed_27;seed_9;seed_13;seed_1|seed_18;seed_11;seed_4;seed_10;seed_16|seed_9;seed_8;seed_29;seed_18;seed_23|seed_23;seed_25;seed_11;seed_19;seed_22|seed_20;seed_18;seed_26;seed_27;seed_8|seed_14;seed_25;seed_23;seed_22;seed_17,26,0.7111111111111111,0.08571428571428573
RotatE,FB15k237,RotatE_FB15k237,first,30,10,6,0,10,60,seed_0;seed_1;seed_10;seed_11;seed_12;seed_13;seed_14;seed_15;seed_16;seed_17;seed_18;seed_19;seed_2;seed_20;seed_21;seed_22;seed_23;seed_24;seed_25;seed_26;seed_27;seed_28;seed_29;seed_3;seed_4;seed_5;seed_6;seed_7;seed_8;seed_9,seed_22;seed_19;seed_25;seed_9;seed_14;seed_7|seed_24;seed_12;seed_17;seed_5;seed_11;seed_2|seed_26;seed_6;seed_16;seed_24;seed_29;seed_4|seed_6;seed_27;seed_9;seed_12;seed_17;seed_20|seed_12;seed_4;seed_11;seed_9;seed_8;seed_1|seed_29;seed_19;seed_23;seed_25;seed_11;seed_16|seed_19;seed_20;seed_18;seed_27;seed_28;seed_23|seed_14;seed_25;seed_23;seed_21;seed_8;seed_22|seed_23;seed_16;seed_1;seed_5;seed_24;seed_8|seed_0;seed_10;seed_4;seed_7;seed_20;seed_17,27,1.0444444444444445,0.10195286195286198
RotatE,FB15k237,RotatE_FB15k237,first,30,10,8,0,10,80,seed_0;seed_1;seed_10;seed_11;seed_12;seed_13;seed_14;seed_15;seed_16;seed_17;seed_18;seed_19;seed_2;seed_20;seed_21;seed_22;seed_23;seed_24;seed_25;seed_26;seed_27;seed_28;seed_29;seed_3;seed_4;seed_5;seed_6;seed_7;seed_8;seed_9,seed_22;seed_19;seed_25;seed_14;seed_23;seed_12;seed_17;seed_7|seed_12;seed_5;seed_11;seed_27;seed_16;seed_25;seed_3;seed_2|seed_6;seed_26;seed_12;seed_17;seed_11;seed_3;seed_10;seed_4|seed_9;seed_8;seed_29;seed_18;seed_23;seed_25;seed_11;seed_20|seed_2;seed_21;seed_19;seed_27;seed_28;seed_15;seed_25;seed_1|seed_23;seed_22;seed_24;seed_17;seed_1;seed_25;seed_0;seed_16|seed_10;seed_4;seed_7;seed_2;seed_3;seed_29;seed_28;seed_23|seed_0;seed_27;seed_23;seed_18;seed_15;seed_4;seed_6;seed_22|seed_29;seed_7;seed_10;seed_14;seed_25;seed_15;seed_3;seed_8|seed_6;seed_12;seed_9;seed_25;seed_22;seed_10;seed_4;seed_17,29,2.1555555555555554,0.16139120139120144
RotatE,FB15k237,RotatE_FB15k237,first,30,10,2,1,10,20,seed_0;seed_1;seed_10;seed_11;seed_12;seed_13;seed_14;seed_15;seed_16;seed_17;seed_18;seed_19;seed_2;seed_20;seed_21;seed_22;seed_23;seed_24;seed_25;seed_26;seed_27;seed_28;seed_29;seed_3;seed_4;seed_5;seed_6;seed_7;seed_8;seed_9,seed_23;seed_12|seed_28;seed_25|seed_2;seed_7|seed_6;seed_5|seed_14;seed_4|seed_12;seed_10|seed_23;seed_16|seed_0;seed_11|seed_9;seed_22|seed_7;seed_21,17,0.06666666666666667,0.022222222222222223
RotatE,FB15k237,RotatE_FB15k237,first,30,10,3,1,10,30,seed_0;seed_1;seed_10;seed_11;seed_12;seed_13;seed_14;seed_15;seed_16;seed_17;seed_18;seed_19;seed_2;seed_20;seed_21;seed_22;seed_23;seed_24;seed_25;seed_26;seed_27;seed_28;seed_29;seed_3;seed_4;seed_5;seed_6;seed_7;seed_8;seed_9,seed_23;seed_28;seed_12|seed_2;seed_6;seed_25|seed_14;seed_11;seed_7|seed_22;seed_0;seed_5|seed_9;seed_7;seed_4|seed_20;seed_21;seed_10|seed_27;seed_5;seed_16|seed_5;seed_0;seed_11|seed_3;seed_21;seed_22|seed_16;seed_4;seed_21,20,0.26666666666666666,0.055555555555555566
RotatE,FB15k237,RotatE_FB15k237,first,30,10,4,1,10,40,seed_0;seed_1;seed_10;seed_11;seed_12;seed_13;seed_14;seed_15;seed_16;seed_17;seed_18;seed_19;seed_2;seed_20;seed_21;seed_22;seed_23;seed_24;seed_25;seed_26;seed_27;seed_28;seed_29;seed_3;seed_4;seed_5;seed_6;seed_7;seed_8;seed_9,seed_23;seed_28;seed_20;seed_12|seed_6;seed_14;seed_11;seed_25|seed_22;seed_0;seed_9;seed_7|seed_7;seed_2;seed_20;seed_5|seed_26;seed_5;seed_0;seed_4|seed_3;seed_22;seed_17;seed_10|seed_4;seed_6;seed_15;seed_16|seed_26;seed_12;seed_9;seed_11|seed_18;seed_0;seed_28;seed_22|seed_25;seed_0;seed_9;seed_21,23,0.4888888888888889,0.07195767195767194
RotatE,FB15k237,RotatE_FB15k237,first,30,10,5,1,10,50,seed_0;seed_1;seed_10;seed_11;seed_12;seed_13;seed_14;seed_15;seed_16;seed_17;seed_18;seed_19;seed_2;seed_20;seed_21;seed_22;seed_23;seed_24;seed_25;seed_26;seed_27;seed_28;seed_29;seed_3;seed_4;seed_5;seed_6;seed_7;seed_8;seed_9,seed_23;seed_28;seed_20;seed_6;seed_12|seed_14;seed_11;seed_22;seed_0;seed_25|seed_9;seed_6;seed_2;seed_20;seed_7|seed_26;seed_4;seed_0;seed_29;seed_5|seed_21;seed_16;seed_3;seed_6;seed_4|seed_16;seed_26;seed_12;seed_9;seed_10|seed_19;seed_0;seed_28;seed_25;seed_16|seed_0;seed_9;seed_20;seed_29;seed_11|seed_14;seed_20;seed_4;seed_0;seed_22|seed_24;seed_15;seed_5;seed_22;seed_21,24,0.8888888888888888,0.10520282186948851
RotatE,FB15k237,RotatE_FB15k237,first,30,10,6,1,10,60,seed_0;seed_1;seed_10;seed_11;seed_12;seed_13;seed_14;seed_15;seed_16;seed_17;seed_18;seed_19;seed_2;seed_20;seed_21;seed_22;seed_23;seed_24;seed_25;seed_26;seed_27;seed_28;seed_29;seed_3;seed_4;seed_5;seed_6;seed_7;seed_8;seed_9,seed_23;seed_28;seed_20;seed_6;seed_15;seed_12|seed_11;seed_22;seed_0;seed_9;seed_7;seed_25|seed_2;seed_20;seed_26;seed_4;seed_0;seed_7|seed_29;seed_21;seed_16;seed_3;seed_6;seed_5|seed_15;seed_25;seed_11;seed_9;seed_18;seed_4|seed_0;seed_28;seed_25;seed_9;seed_20;seed_10|seed_29;seed_14;seed_21;seed_4;seed_0;seed_16|seed_24;seed_16;seed_5;seed_22;seed_23;seed_11|seed_25;seed_15;seed_19;seed_29;seed_5;seed_22|seed_22;seed_17;seed_0;seed_20;seed_7;seed_21,26,1.288888888888889,0.1291582491582492
RotatE,FB15k237,RotatE_FB15k237,first,30,10,8,1,10,80,seed_0;seed_1;seed_10;seed_11;seed_12;seed_13;seed_14;seed_15;seed_16;seed_17;seed_18;seed_19;seed_2;seed_20;seed_21;seed_22;seed_23;seed_24;seed_25;seed_26;seed_27;seed_28;seed_29;seed_3;seed_4;seed_5;seed_6;seed_7;seed_8;seed_9,seed_23;seed_28;seed_20;seed_6;seed_15;seed_11;seed_9;seed_12|seed_0;seed_7;seed_2;seed_20;seed_27;seed_9;seed_3;seed_25|seed_21;seed_16;seed_3;seed_5;seed_15;seed_25;seed_11;seed_7|seed_9;seed_18;seed_0;seed_7;seed_6;seed_27;seed_24;seed_5|seed_0;seed_2;seed_28;seed_14;seed_20;seed_3;seed_9;seed_4|seed_24;seed_16;seed_5;seed_22;seed_23;seed_25;seed_8;seed_10|seed_2;seed_15;seed_29;seed_8;seed_5;seed_22;seed_18;seed_16|seed_0;seed_21;seed_7;seed_25;seed_28;seed_12;seed_14;seed_11|seed_28;seed_4;seed_17;seed_11;seed_8;seed_18;seed_3;seed_22|seed_24;seed_20;seed_9;seed_29;seed_14;seed_17;seed_4;seed_21,26,2.088888888888889,0.1576305176305177
RotatE,FB15k237,RotatE_FB15k237,first,30,10,2,2,10,20,seed_0;seed_1;seed_10;seed_11;seed_12;seed_13;seed_14;seed_15;seed_16;seed_17;seed_18;seed_19;seed_2;seed_20;seed_21;seed_22;seed_23;seed_24;seed_25;seed_26;seed_27;seed_28;seed_29;seed_3;seed_4;seed_5;seed_6;seed_7;seed_8;seed_9,seed_26;seed_7|seed_14;seed_9|seed_27;seed_1|seed_1;seed_10|seed_25;seed_6|seed_29;seed_19|seed_14;seed_13|seed_20;seed_28|seed_28;seed_17|seed_20;seed_16,16,0.08888888888888889,0.029629629629629627
RotatE,FB15k237,RotatE_FB15k237,first,30,10,3,2,10,30,seed_0;seed_1;seed_10;seed_11;seed_12;seed_13;seed_14;seed_15;seed_16;seed_17;seed_18;seed_19;seed_2;seed_20;seed_21;seed_22;seed_23;seed_24;seed_25;seed_26;seed_27;seed_28;seed_29;seed_3;seed_4;seed_5;seed_6;seed_7;seed_8;seed_9,seed_26;seed_14;seed_7|seed_26;seed_1;seed_9|seed_26;seed_29;seed_1|seed_14;seed_21;seed_10|seed_27;seed_2;seed_6|seed_6;seed_4;seed_19|seed_8;seed_24;seed_13|seed_19;seed_24;seed_28|seed_22;seed_24;seed_17|seed_17;seed_9;seed_16,20,0.26666666666666666,0.055555555555555566
RotatE,FB15k237,RotatE_FB15k237,first,30,10,4,2,10,40,seed_0;seed_1;seed_10;seed_11;seed_12;seed_13;seed_14;seed_15;seed_16;seed_17;seed_18;seed_19;seed_2;seed_20;seed_21;seed_22;seed_23;seed_24;seed_25;seed_26;seed_27;seed_28;seed_29;seed_3;seed_4;seed_5;seed_6;seed_7;seed_8;seed_9,seed_26;seed_14;seed_1;seed_7|seed_25;seed_28;seed_13;seed_9|seed_21;seed_28;seed_20;seed_1|seed_6;seed_4;seed_8;seed_10|seed_23;seed_19;seed_24;seed_6|seed_22;seed_24;seed_16;seed_19|seed_9;seed_1;seed_8;seed_13|seed_0;seed_19;seed_21;seed_28|seed_19;seed_20;seed_21;seed_17|seed_9;seed_24;seed_13;seed_16,21,0.6222222222222222,0.09735449735449735
RotatE,FB15k237,RotatE_FB15k237,first,30,10,5,2,10,50,seed_0;seed_1;seed_10;seed_11;seed_12;seed_13;seed_14;seed_15;seed_16;seed_17;seed_18;seed_19;seed_2;seed_20;seed_21;seed_22;seed_23;seed_24;seed_25;seed_26;seed_27;seed_28;seed_29;seed_3;seed_4;seed_5;seed_6;seed_7;seed_8;seed_9,seed_26;seed_14;seed_1;seed_25;seed_7|seed_28;seed_13;seed_20;seed_27;seed_9|seed_20;seed_6;seed_4;seed_8;seed_1|seed_24;seed_2;seed_25;seed_22;seed_10|seed_23;seed_16;seed_9;seed_1;seed_6|seed_8;seed_0;seed_2;seed_22;seed_19|seed_19;seed_20;seed_21;seed_9;seed_13|seed_9;seed_23;seed_13;seed_24;seed_28|seed_13;seed_15;seed_0;seed_19;seed_17|seed_13;seed_12;seed_24;seed_2;seed_16,25,0.8666666666666667,0.10546737213403878
RotatE,FB15k237,RotatE_FB15k237,first,30,10,6,2,10,60,seed_0;seed_1;seed_10;seed_11;seed_12;seed_13;seed_14;seed_15;seed_16;seed_17;seed_18;seed_19;seed_2;seed_20;seed_21;seed_22;seed_23;seed_24;seed_25;seed_26;seed_27;seed_28;seed_29;seed_3;seed_4;seed_5;seed_6;seed_7;seed_8;seed_9,seed_26;seed_14;seed_1;seed_25;seed_28;seed_7|seed_13;seed_20;seed_27;seed_2;seed_5;seed_9|seed_4;seed_8;seed_24;seed_2;seed_25;seed_1|seed_22;seed_24;seed_17;seed_9;seed_1;seed_10|seed_8;seed_0;seed_19;seed_21;seed_18;seed_6|seed_20;seed_21;seed_9;seed_24;seed_13;seed_19|seed_25;seed_14;seed_16;seed_0;seed_19;seed_13|seed_13;seed_12;seed_23;seed_19;seed_29;seed_28|seed_25;seed_13;seed_9;seed_22;seed_6;seed_17|seed_21;seed_4;seed_24;seed_5;seed_2;seed_16,27,1.2,0.11878787878787882
RotatE,FB15k237,RotatE_FB15k237,first,30,10,8,2,10,80,seed_0;seed_1;seed_10;seed_11;seed_12;seed_13;seed_14;seed_15;seed_16;seed_17;seed_18;seed_19;seed_2;seed_20;seed_21;seed_22;seed_23;seed_24;seed_25;seed_26;seed_27;seed_28;seed_29;seed_3;seed_4;seed_5;seed_6;seed_7;seed_8;seed_9,seed_26;seed_14;seed_9;seed_1;seed_25;seed_28;seed_13;seed_7|seed_20;seed_27;seed_2;seed_5;seed_3;seed_23;seed_19;seed_9|seed_25;seed_22;seed_24;seed_17;seed_10;seed_0;seed_2;seed_1|seed_22;seed_19;seed_20;seed_21;seed_24;seed_14;seed_25;seed_10|seed_13;seed_15;seed_8;seed_0;seed_9;seed_18;seed_4;seed_6|seed_12;seed_24;seed_8;seed_2;seed_7;seed_29;seed_25;seed_19|seed_14;seed_22;seed_6;seed_21;seed_4;seed_24;seed_2;seed_13|seed_6;seed_25;seed_19;seed_7;seed_21;seed_13;seed_2;seed_28|seed_3;seed_4;seed_22;seed_28;seed_24;seed_15;seed_23;seed_17|seed_17;seed_23;seed_24;seed_7;seed_2;seed_29;seed_22;seed_16,29,2.2222222222222223,0.1690679690679691
RotatE,FB15k237,RotatE_FB15k237,first,30,10,2,3,10,20,seed_0;seed_1;seed_10;seed_11;seed_12;seed_13;seed_14;seed_15;seed_16;seed_17;seed_18;seed_19;seed_2;seed_20;seed_21;seed_22;seed_23;seed_24;seed_25;seed_26;seed_27;seed_28;seed_29;seed_3;seed_4;seed_5;seed_6;seed_7;seed_8;seed_9,seed_27;seed_15|seed_0;seed_25|seed_7;seed_24|seed_23;seed_12|seed_16;seed_19|seed_24;seed_26|seed_15;seed_22|seed_14;seed_27|seed_29;seed_8|seed_23;seed_10,16,0.08888888888888889,0.029629629629629627
RotatE,FB15k237,RotatE_FB15k237,first,30,10,3,3,10,30,seed_0;seed_1;seed_10;seed_11;seed_12;seed_13;seed_14;seed_15;seed_16;seed_17;seed_18;seed_19;seed_2;seed_20;seed_21;seed_22;seed_23;seed_24;seed_25;seed_26;seed_27;seed_28;seed_29;seed_3;seed_4;seed_5;seed_6;seed_7;seed_8;seed_9,seed_27;seed_0;seed_15|seed_7;seed_22;seed_25|seed_16;seed_25;seed_24|seed_16;seed_15;seed_12|seed_3;seed_23;seed_19|seed_24;seed_7;seed_26|seed_25;seed_23;seed_22|seed_2;seed_28;seed_27|seed_7;seed_12;seed_8|seed_16;seed_28;seed_10,17,0.35555555555555557,0.07333333333333336
RotatE,FB15k237,RotatE_FB15k237,first,30,10,4,3,10,40,seed_0;seed_1;seed_10;seed_11;seed_12;seed_13;seed_14;seed_15;seed_16;seed_17;seed_18;seed_19;seed_2;seed_20;seed_21;seed_22;seed_23;seed_24;seed_25;seed_26;seed_27;seed_28;seed_29;seed_3;seed_4;seed_5;seed_6;seed_7;seed_8;seed_9,seed_27;seed_0;seed_7;seed_15|seed_22;seed_16;seed_24;seed_25|seed_15;seed_14;seed_3;seed_24|seed_23;seed_25;seed_7;seed_12|seed_25;seed_23;seed_20;seed_19|seed_28;seed_8;seed_12;seed_26|seed_15;seed_28;seed_12;seed_22|seed_8;seed_23;seed_2;seed_27|seed_3;seed_0;seed_28;seed_8|seed_5;seed_11;seed_14;seed_10,21,0.5555555555555556,0.08253968253968252
RotatE,FB15k237,RotatE_FB15k237,first,30,10,5,3,10,50,seed_0;seed_1;seed_10;seed_11;seed_12;seed_13;seed_14;seed_15;seed_16;seed_17;seed_18;seed_19;seed_2;seed_20;seed_21;seed_22;seed_23;seed_24;seed_25;seed_26;seed_27;seed_28;seed_29;seed_3;seed_4;seed_5;seed_6;seed_7;seed_8;seed_9,seed_27;seed_0;seed_7;seed_23;seed_15|seed_16;seed_24;seed_15;seed_14;seed_25|seed_3;seed_22;seed_25;seed_7;seed_24|seed_25;seed_23;seed_20;seed_28;seed_12|seed_8;seed_12;seed_15;seed_28;seed_19|seed_12;seed_8;seed_23;seed_2;seed_26|seed_4;seed_0;seed_29;seed_5;seed_22|seed_10;seed_13;seed_5;seed_25;seed_27|seed_1;seed_17;seed_4;seed_0;seed_8|seed_7;seed_8;seed_17;seed_23;seed_10,25,0.8444444444444444,0.09876543209876544
RotatE,FB15k237,RotatE_FB15k237,first,30,10,6,3,10,60,seed_0;seed_1;seed_10;seed_11;seed_12;seed_13;seed_14;seed_15;seed_16;seed_17;seed_18;seed_19;seed_2;seed_20;seed_21;seed_22;seed_23;seed_24;seed_25;seed_26;seed_27;seed_28;seed_29;seed_3;seed_4;seed_5;seed_6;seed_7;seed_8;seed_9,seed_27;seed_0;seed_7;seed_23;seed_17;seed_15|seed_24;seed_15;seed_14;seed_3;seed_22;seed_25|seed_25;seed_7;seed_22;seed_2;seed_28;seed_24|seed_8;seed_13;seed_16;seed_28;seed_24;seed_12|seed_20;seed_4;seed_0;seed_29;seed_5;seed_19|seed_10;seed_13;seed_5;seed_25;seed_1;seed_26|seed_17;seed_5;seed_0;seed_7;seed_8;seed_22|seed_16;seed_22;seed_26;seed_4;seed_9;seed_27|seed_2;seed_29;seed_5;seed_20;seed_3;seed_8|seed_6;seed_26;seed_22;seed_13;seed_9;seed_10,27,1.0888888888888888,0.10734006734006729
RotatE,FB15k237,RotatE_FB15k237,first,30,10,8,3,10,80,seed_0;seed_1;seed_10;seed_11;seed_12;seed_13;seed_14;seed_15;seed_16;seed_17;seed_18;seed_19;seed_2;seed_20;seed_21;seed_22;seed_23;seed_24;seed_25;seed_26;seed_27;seed_28;seed_29;seed_3;seed_4;seed_5;seed_6;seed_7;seed_8;seed_9,seed_27;seed_0;seed_7;seed_23;seed_17;seed_25;seed_16;seed_15|seed_14;seed_3;seed_22;seed_24;seed_6;seed_7;seed_2;seed_25|seed_28;seed_8;seed_12;seed_15;seed_9;seed_7;seed_23;seed_24|seed_20;seed_4;seed_0;seed_29;seed_5;seed_10;seed_14;seed_12|seed_5;seed_26;seed_1;seed_17;seed_9;seed_0;seed_16;seed_19|seed_22;seed_27;seed_4;seed_2;seed_3;seed_20;seed_6;seed_26|seed_4;seed_6;seed_26;seed_21;seed_12;seed_19;seed_11;seed_22|seed_1;seed_12;seed_22;seed_14;seed_16;seed_29;seed_20;seed_27|seed_4;seed_27;seed_17;seed_20;seed_23;seed_2;seed_25;seed_8|seed_2;seed_25;seed_26;seed_21;seed_7;seed_16;seed_19;seed_10,28,1.9555555555555555,0.1461619861619862
RotatE,FB15k237,RotatE_FB15k237,first,30,10,2,4,10,20,seed_0;seed_1;seed_10;seed_11;seed_12;seed_13;seed_14;seed_15;seed_16;seed_17;seed_18;seed_19;seed_2;seed_20;seed_21;seed_22;seed_23;seed_24;seed_25;seed_26;seed_27;seed_28;seed_29;seed_3;seed_4;seed_5;seed_6;seed_7;seed_8;seed_9,seed_20;seed_15|seed_25;seed_17|seed_18;seed_11|seed_6;seed_3|seed_5;seed_2|seed_1;seed_22|seed_16;seed_12|seed_24;seed_10|seed_24;seed_29|seed_2;seed_0,18,0.044444444444444446,0.014814814814814814
RotatE,FB15k237,RotatE_FB15k237,first,30,10,3,4,10,30,seed_0;seed_1;seed_10;seed_11;seed_12;seed_13;seed_14;seed_15;seed_16;seed_17;seed_18;seed_19;seed_2;seed_20;seed_21;seed_22;seed_23;seed_24;seed_25;seed_26;seed_27;seed_28;seed_29;seed_3;seed_4;seed_5;seed_6;seed_7;seed_8;seed_9,seed_20;seed_25;seed_15|seed_18;seed_6;seed_17|seed_5;seed_1;seed_11|seed_15;seed_23;seed_3|seed_25;seed_19;seed_2|seed_16;seed_5;seed_22|seed_14;seed_7;seed_12|seed_12;seed_17;seed_10|seed_14;seed_0;seed_29|seed_7;seed_28;seed_0,22,0.17777777777777778,0.035555555555555556
RotatE,FB15k237,RotatE_FB15k237,first,30,10,4,4,10,40,seed_0;seed_1;seed_10;seed_11;seed_12;seed_13;seed_14;seed_15;seed_16;seed_17;seed_18;seed_19;seed_2;seed_20;seed_21;seed_22;seed_23;seed_24;seed_25;seed_26;seed_27;seed_28;seed_29;seed_3;seed_4;seed_5;seed_6;seed_7;seed_8;seed_9,seed_20;seed_25;seed_18;seed_15|seed_6;seed_5;seed_1;seed_17|seed_16;seed_24;seed_25;seed_11|seed_19;seed_16;seed_5;seed_3|seed_13;seed_7;seed_11;seed_2|seed_16;seed_14;seed_0;seed_22|seed_7;seed_28;seed_6;seed_12|seed_17;seed_6;seed_15;seed_10|seed_13;seed_17;seed_27;seed_29|seed_8;seed_4;seed_9;seed_0,27,0.35555555555555557,0.051851851851851836
RotatE,FB15k237,RotatE_FB15k237,first,30,10,5,4,10,50,seed_0;seed_1;seed_10;seed_11;seed_12;seed_13;seed_14;seed_15;seed_16;seed_17;seed_18;seed_19;seed_2;seed_20;seed_21;seed_22;seed_23;seed_24;seed_25;seed_26;seed_27;seed_28;seed_29;seed_3;seed_4;seed_5;seed_6;seed_7;seed_8;seed_9,seed_20;seed_25;seed_18;seed_6;seed_15|seed_5;seed_1;seed_15;seed_24;seed_17|seed_25;seed_2;seed_17;seed_5;seed_11|seed_13;seed_7;seed_11;seed_16;seed_3|seed_14;seed_0;seed_7;seed_28;seed_2|seed_6;seed_16;seed_14;seed_13;seed_22|seed_18;seed_28;seed_8;seed_4;seed_12|seed_8;seed_9;seed_2;seed_11;seed_10|seed_8;seed_26;seed_18;seed_28;seed_29|seed_20;seed_24;seed_16;seed_14;seed_0,26,0.6888888888888889,0.08174603174603175
RotatE,FB15k237,RotatE_FB15k237,first,30,10,6,4,10,60,seed_0;seed_1;seed_10;seed_11;seed_12;seed_13;seed_14;seed_15;seed_16;seed_17;seed_18;seed_19;seed_2;seed_20;seed_21;seed_22;seed_23;seed_24;seed_25;seed_26;seed_27;seed_28;seed_29;seed_3;seed_4;seed_5;seed_6;seed_7;seed_8;seed_9,seed_20;seed_25;seed_18;seed_6;seed_5;seed_15|seed_1;seed_15;seed_24;seed_25;seed_2;seed_17|seed_17;seed_5;seed_14;seed_7;seed_12;seed_11|seed_16;seed_14;seed_0;seed_7;seed_27;seed_3|seed_6;seed_16;seed_14;seed_13;seed_17;seed_2|seed_17;seed_28;seed_8;seed_4;seed_9;seed_22|seed_2;seed_10;seed_8;seed_27;seed_19;seed_12|seed_29;seed_20;seed_24;seed_16;seed_14;seed_10|seed_15;seed_22;seed_16;seed_10;seed_7;seed_29|seed_8;seed_25;seed_7;seed_18;seed_1;seed_0,27,1.1111111111111112,0.1068013468013468
RotatE,FB15k237,RotatE_FB15k237,first,30,10,8,4,10,80,seed_0;seed_1;seed_10;seed_11;seed_12;seed_13;seed_14;seed_15;seed_16;seed_17;seed_18;seed_19;seed_2;seed_20;seed_21;seed_22;seed_23;seed_24;seed_25;seed_26;seed_27;seed_28;seed_29;seed_3;seed_4;seed_5;seed_6;seed_7;seed_8;seed_9,seed_20;seed_25;seed_18;seed_6;seed_5;seed_1;seed_16;seed_15|seed_24;seed_25;seed_2;seed_16;seed_5;seed_13;seed_11;seed_17|seed_17;seed_15;seed_0;seed_28;seed_9;seed_5;seed_8;seed_11|seed_13;seed_17;seed_8;seed_27;seed_4;seed_19;seed_10;seed_3|seed_8;seed_27;seed_18;seed_29;seed_20;seed_24;seed_15;seed_2|seed_13;seed_15;seed_23;seed_16;seed_10;seed_25;seed_17;seed_22|seed_0;seed_18;seed_26;seed_3;seed_8;seed_24;seed_15;seed_12|seed_21;seed_9;seed_27;seed_18;seed_8;seed_22;seed_14;seed_10|seed_15;seed_17;seed_16;seed_6;seed_1;seed_10;seed_5;seed_29|seed_22;seed_28;seed_17;seed_24;seed_25;seed_8;seed_23;seed_0,29,2.2888888888888888,0.17449661449661452
