model,dataset,baseline,relation_id,relation_name,mapping_type,side,test_support,side_support,eligible_support,hits_r,alpha_r,delta_r
TransE,FB15k237,without,0,/location/country/form_of_government,M-N,head,43,43,24,0.2890365443059376,0.7916666865348816,0.5
TransE,FB15k237,without,1,/tv/tv_program/regular_cast./tv/regular_tv_appearance/actor,1-N,head,91,91,50,0.34536892601421904,0.5799999833106995,0.26
TransE,FB15k237,without,2,/media_common/netflix_genre/titles,M-N,head,124,124,114,0.828341007232666,0.21929824352264404,0.12280701754385964
TransE,FB15k237,without,3,/award/award_winner/awards_won./award/award_honor/award_winner,M-N,head,41,41,26,0.5609756112098694,0.23076923191547394,0.11538461538461539
TransE,FB15k237,without,4,/soccer/football_team/current_roster./sports/sports_team_roster/position,M-N,head,12,12,0,0.0,,
TransE,FB15k237,without,5,/soccer/football_team/current_roster./soccer/football_roster_position/position,M-N,head,10,10,0,0.0,,
TransE,FB15k237,without,6,/film/actor/film./film/performance/film,M-N,head,836,836,173,0.11278195466314044,0.7283236980438232,0.3468208092485549
TransE,FB15k237,without,7,/award/award_category/nominees./award/award_nomination/nominated_for,M-N,head,858,858,732,0.725108231816973,0.33196720480918884,0.14754098360655737
TransE,FB15k237,without,8,/award/award_nominee/award_nominations./award/award_nomination/award_nominee,M-N,head,214,214,181,0.7570093614714486,0.2154696136713028,0.10497237569060773
TransE,FB15k237,without,9,/music/performance_role/regular_performances./music/group_membership/role,M-N,head,40,40,17,0.23928571598870413,0.7058823704719543,0.29411764705882354
TransE,FB15k237,without,10,/award/award_category/winners./award/award_honor/ceremony,M-N,head,323,323,307,0.9071207472256252,0.1335504949092865,0.06840390879478828
TransE,FB15k237,without,11,/film/film/release_date_s./film/film_regional_release_date/film_release_distribution_medium,M-1,head,158,158,16,0.02169981924816966,1.0,0.625
TransE,FB15k237,without,12,/award/award_winning_work/awards_won./award/award_honor/award_winner,M-N,head,24,24,16,0.5119047633239201,0.3125,0.1875
TransE,FB15k237,without,13,/film/film/release_date_s./film/film_regional_release_date/film_release_region,M-N,head,1447,1447,872,0.3396189170224326,0.8050458431243896,0.36926605504587157
TransE,FB15k237,without,14,/film/film/language,M-N,head,314,314,166,0.3152866278375898,0.7710843086242676,0.3674698795180723
TransE,FB15k237,without,15,/location/location/contains,M-N,head,330,330,271,0.7138528057507106,0.24723246693611145,0.11439114391143912
TransE,FB15k237,without,16,/organization/organization/headquarters./location/mailing_address/country,M-1,head,7,7,0,0.0,,
TransE,FB15k237,without,17,/people/person/profession,M-N,head,1311,1311,424,0.1746758222579956,0.7806603908538818,0.3584905660377358
TransE,FB15k237,without,18,/location/statistical_region/religions./location/religion_percentage/religion,M-N,head,60,60,51,0.6476190515926906,0.4901960790157318,0.29411764705882354
TransE,FB15k237,without,19,/award/award_nominee/award_nominations./award/award_nomination/award,M-N,head,1067,1067,338,0.19052082087312425,0.7011834383010864,0.32840236686390534
TransE,FB15k237,without,20,/music/genre/artists,M-N,head,664,664,518,0.6701807294573102,0.29343628883361816,0.14671814671814673
TransE,FB15k237,without,21,/influence/influence_node/influenced_by,M-N,head,235,235,106,0.27537993448121206,0.7075471878051758,0.33962264150943394
TransE,FB15k237,without,22,/education/educational_institution/students_graduates./education/education/student,1-N,head,311,311,143,0.2912264551435198,0.6643356680870056,0.3006993006993007
TransE,FB15k237,without,23,/organization/organization_member/member_of./organization/organization_membership/organization,M-N,head,96,96,81,0.6860119019235883,0.34567901492118835,0.19753086419753085
TransE,FB15k237,without,24,/people/person/place_of_birth,M-1,head,170,170,12,0.03193277386682374,0.9166666865348816,0.4166666666666667
TransE,FB15k237,without,25,/common/topic/webpage./common/webpage/category,M-1,head,402,402,16,0.015280738872076784,0.8125,0.5
TransE,FB15k237,without,26,/film/film/other_crew./film/film_crew_gig/film_crew_role,M-N,head,606,606,173,0.12046204826661519,0.9190751314163208,0.4277456647398844
TransE,FB15k237,without,27,/award/award_ceremony/awards_presented./award/award_honor/award_winner,M-N,head,317,317,259,0.6579540286745343,0.42084941267967224,0.2084942084942085
TransE,FB15k237,without,28,/film/film/country,M-1,head,131,131,15,0.04798255142356668,0.9333333373069763,0.5333333333333333
TransE,FB15k237,without,29,/olympics/olympic_sport/athletes./olympics/olympic_athlete_affiliation/country,M-N,head,258,258,244,0.8344407422201974,0.26229506731033325,0.13114754098360656
TransE,FB15k237,without,30,/award/award_winning_work/awards_won./award/award_honor/award,M-N,head,118,118,43,0.21912832983902522,0.6976743936538696,0.3953488372093023
TransE,FB15k237,without,31,/film/film/genre,M-N,head,722,722,169,0.11495844806943621,0.8520709872245789,0.3727810650887574
TransE,FB15k237,without,32,/film/film_distributor/films_distributed./film/film_film_distributor_relationship/film,M-N,head,160,160,143,0.7410714285714286,0.3916083872318268,0.18181818181818182
TransE,FB15k237,without,33,/location/statistical_region/rent50_2./measurement_unit/dated_money_value/currency,M-1,head,46,46,9,0.046583851001092365,1.0,0.7777777777777778
TransE,FB15k237,without,34,/film/film/estimated_budget./measurement_unit/dated_money_value/currency,M-1,head,151,151,56,0.14096499234437943,0.9464285969734192,0.42857142857142855
TransE,FB15k237,without,35,/government/legislative_session/members./government/government_position_held/district_represented,M-N,head,117,117,116,0.9474969506263733,0.11206896603107452,0.04310344827586207
TransE,FB15k237,without,36,/sports/sports_team/roster./american_football/football_historical_roster_position/position_s,M-N,head,1,1,0,0.0,,
TransE,FB15k237,without,37,/government/government_office_category/officeholders./government/government_position_held/jurisdiction_of_office,M-N,head,91,91,90,0.9607535345213754,0.07777778059244156,0.044444444444444446
TransE,FB15k237,without,38,/award/award_nominee/award_nominations./award/award_nomination/nominated_for,M-N,head,132,132,57,0.3192640670708248,0.4912280738353729,0.3157894736842105
TransE,FB15k237,without,39,/people/deceased_person/place_of_death,M-1,head,78,78,10,0.04761904930429799,1.0,0.7
TransE,FB15k237,without,40,/sports/pro_athlete/teams./sports/sports_team_roster/team,M-N,head,16,16,13,0.6696428571428571,0.23076923191547394,0.23076923076923078
TransE,FB15k237,without,41,/music/artist/track_contributions./music/track_contribution/role,M-N,head,152,152,47,0.15413533789770945,0.8723404407501221,0.40425531914893614
TransE,FB15k237,without,42,/music/instrument/instrumentalists,M-N,head,153,153,135,0.7497665882110596,0.3037036955356598,0.1259259259259259
TransE,FB15k237,without,43,/people/person/gender,M-1,head,436,436,72,0.05930537411144802,0.9305555820465088,0.4305555555555556
TransE,FB15k237,without,44,/business/job_title/people_with_this_title./business/employment_tenure/company,M-N,head,85,85,82,0.8924369812011719,0.1463414579629898,0.08536585365853659
TransE,FB15k237,without,45,/base/popstra/celebrity/friendship./base/popstra/friendship/participant,M-N,head,32,32,7,0.10714285714285714,0.7142857313156128,0.5714285714285714
TransE,FB15k237,without,46,/business/business_operation/industry,M-1,head,41,41,22,0.25435540080070496,0.9545454382896423,0.45454545454545453
TransE,FB15k237,without,47,/award/award_category/winners./award/award_honor/award_winner,M-N,head,217,217,168,0.6069782716887338,0.4404761791229248,0.20238095238095238
TransE,FB15k237,without,48,/people/person/nationality,M-1,head,494,494,80,0.09456333092280797,0.675000011920929,0.3625
TransE,FB15k237,without,49,/sports/sports_team/roster./baseball/baseball_roster_position/position,M-N,head,3,3,3,1.0,0.0,0.0
TransE,FB15k237,without,50,/people/cause_of_death/people,1-N,head,94,94,68,0.5486322130475726,0.47058823704719543,0.22058823529411764
TransE,FB15k237,without,51,/tv/tv_program/languages,M-1,head,24,24,23,0.8690476162093026,0.21739129722118378,0.13043478260869565
TransE,FB15k237,without,52,/music/genre/parent_genre,M-N,head,97,97,55,0.4020618498325348,0.581818163394928,0.2909090909090909
TransE,FB15k237,without,53,/base/popstra/celebrity/breakup./base/popstra/breakup/participant,1-1,head,0,0,0,,,
TransE,FB15k237,without,54,/location/country/capital,1-1,head,11,11,4,0.23376624073301042,1.0,0.5
TransE,FB15k237,without,55,/film/special_film_performance_type/film_performance_type./film/performance/film,1-N,head,11,11,11,1.0,0.0,0.0
TransE,FB15k237,without,56,/location/hud_county_place/place,1-1,head,48,48,48,1.0,0.0,0.0
TransE,FB15k237,without,57,/music/performance_role/guest_performances./music/recording_contribution/performance_role,M-N,head,2,2,2,0.7142857142857143,0.5,0.5
TransE,FB15k237,without,58,/location/location/adjoin_s./location/adjoining_relationship/adjoins,M-N,head,55,55,46,0.742857141154153,0.28260868787765503,0.1956521739130435
TransE,FB15k237,without,59,/film/film_subject/films,1-N,head,77,77,55,0.584415580545153,0.4545454680919647,0.21818181818181817
TransE,FB15k237,without,60,/base/schemastaging/person_extra/net_worth./measurement_unit/dated_money_value/currency,M-1,head,60,60,11,0.05238095431455544,1.0,0.7272727272727273
TransE,FB15k237,without,61,/education/educational_institution/colors,M-N,head,90,90,7,0.012698413138943059,1.0,0.42857142857142855
TransE,FB15k237,without,62,/base/aareas/schema/administrative_area/administrative_parent,M-1,head,25,25,22,0.874285706451961,0.04545454680919647,0.045454545454545456
TransE,FB15k237,without,63,/organization/role/leaders./organization/leadership/organization,1-N,head,70,70,70,1.0,0.0,0.0
TransE,FB15k237,without,64,/government/legislative_session/members./government/government_position_held/legislative_sessions,M-N,head,13,13,13,1.0,0.0,0.0
TransE,FB15k237,without,65,/olympics/olympic_games/sports,M-N,head,13,13,13,1.0,0.0,0.0
TransE,FB15k237,without,66,/people/person/places_lived./people/place_lived/location,M-N,head,305,305,19,0.024824355329786028,0.9473684430122375,0.47368421052631576
TransE,FB15k237,without,67,/award/award_category/disciplines_or_subjects,M-N,head,15,15,12,0.6190476332392011,0.5,0.3333333333333333
TransE,FB15k237,without,68,/sports/professional_sports_team/draft_picks./sports/sports_league_draft_pick/school,M-N,head,86,86,56,0.337209301335471,0.75,0.35714285714285715
TransE,FB15k237,without,69,/olympics/olympic_participating_country/medals_won./olympics/olympic_medal_honor/olympics,M-N,head,63,63,44,0.6213152153151376,0.2954545319080353,0.1590909090909091
TransE,FB15k237,without,70,/language/human_language/countries_spoken_in,M-N,head,25,25,20,0.5714285714285714,0.5,0.3
TransE,FB15k237,without,71,/people/ethnicity/people,1-N,head,251,251,221,0.7717700685773577,0.27149322628974915,0.167420814479638
TransE,FB15k237,without,72,/olympics/olympic_participating_country/athletes./olympics/olympic_athlete_affiliation/olympics,M-N,head,31,31,10,0.12903225421905518,0.8999999761581421,0.6
TransE,FB15k237,without,73,/olympics/olympic_participating_country/medals_won./olympics/olympic_medal_honor/medal,M-N,head,38,38,32,0.714285705770765,0.34375,0.1875
TransE,FB15k237,without,74,/film/film/other_crew./film/film_crew_gig/crewmember,M-1,head,26,26,5,0.07692307925650052,1.0,0.4
TransE,FB15k237,without,75,/music/performance_role/track_performances./music/track_contribution/role,M-N,head,53,53,26,0.30727762835366385,0.6538461446762085,0.34615384615384615
TransE,FB15k237,without,76,/music/record_label/artist,M-N,head,266,266,185,0.47422127212796894,0.637837827205658,0.2972972972972973
TransE,FB15k237,without,77,/base/popstra/celebrity/dated./base/popstra/dated/participant,M-N,head,11,11,0,0.0,,
TransE,FB15k237,without,78,/base/locations/continents/countries_within,1-N,head,5,5,5,1.0,0.0,0.0
TransE,FB15k237,without,79,/sports/sports_league_draft/picks./sports/sports_league_draft_pick/school,M-N,head,42,42,42,0.8435374072619847,0.380952388048172,0.19047619047619047
TransE,FB15k237,without,80,/sports/sports_team/sport,M-1,head,53,53,48,0.7142857142857143,0.4375,0.2708333333333333
TransE,FB15k237,without,81,/education/educational_institution_campus/educational_institution,1-1,head,13,13,13,1.0,0.0,0.0
TransE,FB15k237,without,82,/people/person/religion,M-1,head,127,127,12,0.03487064103995051,0.9166666865348816,0.3333333333333333
TransE,FB15k237,without,83,/organization/organization/headquarters./location/mailing_address/citytown,M-1,head,55,55,22,0.16623376735619136,0.9545454382896423,0.5909090909090909
TransE,FB15k237,without,84,/film/film/produced_by,M-1,head,60,60,20,0.24523810190813883,0.5,0.25
TransE,FB15k237,without,85,/people/person/spouse_s./people/marriage/type_of_union,M-1,head,346,346,11,0.0111478114766734,1.0,0.5454545454545454
TransE,FB15k237,without,86,/film/film/production_companies,M-1,head,84,84,35,0.2823129253728049,0.6571428775787354,0.4
TransE,FB15k237,without,87,/location/country/second_level_divisions,1-N,head,46,46,46,0.9875776427132743,0.021739130839705467,0.021739130434782608
TransE,FB15k237,without,88,/base/culturalevent/event/entity_involved,M-N,head,20,20,13,0.47142856887408663,0.5384615659713745,0.23076923076923078
TransE,FB15k237,without,89,/education/educational_degree/people_with_this_degree./education/education/institution,M-N,head,287,287,282,0.9576904007366726,0.060283686965703964,0.03546099290780142
TransE,FB15k237,without,90,/film/film/distributors./film/film_film_distributor_relationship/film_distribution_medium,M-1,head,38,38,20,0.23684210862432206,0.8999999761581421,0.45
TransE,FB15k237,without,91,/tv/tv_program/tv_producer./tv/tv_producer_term/producer_type,M-1,head,11,11,9,0.5584415708269391,0.6666666865348816,0.3333333333333333
TransE,FB15k237,without,92,/music/performance_role/regular_performances./music/group_membership/group,M-N,head,167,167,157,0.8511548297745841,0.20382165908813477,0.11464968152866242
TransE,FB15k237,without,93,/government/politician/government_positions_held./government/government_position_held/legislative_sessions,M-N,head,30,30,30,0.8857142669813973,0.1666666716337204,0.13333333333333333
TransE,FB15k237,without,94,/sports/sports_team_location/teams,1-1,head,53,53,13,0.05929919225828988,0.9230769276618958,0.3076923076923077
TransE,FB15k237,without,95,/sports/sports_team/colors,M-N,head,77,77,9,0.038961038791707585,1.0,0.5555555555555556
TransE,FB15k237,without,96,/sports/professional_sports_team/draft_picks./sports/sports_league_draft_pick/draft,M-N,head,43,43,43,1.0,0.0,0.0
TransE,FB15k237,without,97,/award/award_nominated_work/award_nominations./award/award_nomination/nominated_for,M-N,head,16,16,16,0.8839285714285714,0.1875,0.1875
TransE,FB15k237,without,98,/baseball/baseball_team/team_stats./baseball/baseball_team_stats/season,M-N,head,27,27,27,0.9788359914507184,0.03703703731298447,0.037037037037037035
TransE,FB15k237,without,99,/user/alexander/philosophy/philosopher/interests,M-N,head,9,9,6,0.31746032408305574,0.8333333134651184,0.8333333333333334
TransE,FB15k237,without,100,/people/person/languages,M-1,head,98,98,27,0.1574344038963318,0.7777777910232544,0.3333333333333333
TransE,FB15k237,without,101,/education/educational_institution/students_graduates./education/education/major_field_of_study,M-N,head,321,321,131,0.18335558474063873,0.8778625726699829,0.4351145038167939
TransE,FB15k237,without,102,/film/director/film,1-N,head,19,19,9,0.34586465784481596,0.4444444477558136,0.3333333333333333
TransE,FB15k237,without,103,/award/award_ceremony/awards_presented./award/award_honor/honored_for,M-N,head,121,121,95,0.5879574928964887,0.5052631497383118,0.25263157894736843
TransE,FB15k237,without,104,/olympics/olympic_sport/athletes./olympics/olympic_athlete_affiliation/olympics,M-N,head,8,8,8,0.875,0.25,0.25
TransE,FB15k237,without,105,/film/film/costume_design_by,M-1,head,13,13,4,0.15384615851300104,0.75,0.75
TransE,FB15k237,without,106,/film/film/featured_film_locations,M-1,head,100,100,13,0.03428571378546102,0.9230769276618958,0.6153846153846154
TransE,FB15k237,without,107,/tv/tv_program/genre,M-N,head,94,94,62,0.4756838934762137,0.5645161271095276,0.24193548387096775
TransE,FB15k237,without,108,/organization/endowed_organization/endowment./measurement_unit/dated_money_value/currency,M-1,head,3,3,0,0.0,,
TransE,FB15k237,without,109,/film/film/written_by,M-1,head,26,26,6,0.08791209065488406,0.8333333134651184,0.6666666666666666
TransE,FB15k237,without,110,/tv/tv_producer/programs_produced./tv/tv_producer_term/producer_type,M-1,head,22,22,8,0.1623376671757017,1.0,0.625
TransE,FB15k237,without,111,/location/hud_county_place/county,M-1,head,7,7,4,0.3673469509397234,0.5,0.5
TransE,FB15k237,without,112,/education/educational_degree/people_with_this_degree./education/education/major_field_of_study,M-N,head,63,63,63,0.9637188230242048,0.0793650820851326,0.047619047619047616
TransE,FB15k237,without,113,/base/schemastaging/organization_extra/phone_number./base/schemastaging/phone_sandbox/contact_category,M-1,head,20,20,10,0.32142857568604605,0.6000000238418579,0.3
TransE,FB15k237,without,114,/base/saturdaynightlive/snl_cast_member/seasons./base/saturdaynightlive/snl_season_tenure/cast_members,M-N,head,3,3,3,1.0,0.0,0.0
TransE,FB15k237,without,115,/film/film/film_format,M-1,head,39,39,7,0.051282052748969624,1.0,0.5714285714285714
TransE,FB15k237,without,116,/film/film/music,M-1,head,92,92,28,0.15372670761176518,0.7857142686843872,0.4642857142857143
TransE,FB15k237,without,117,/sports/sports_team/roster./american_football/football_roster_position/position,M-N,head,3,3,2,0.38095239230564665,0.5,0.5
TransE,FB15k237,without,118,/user/tsegaran/random/taxonomy_subject/entry./user/tsegaran/random/taxonomy_entry/taxonomy,M-1,head,50,50,11,0.10571428388357162,0.8181818127632141,0.45454545454545453
TransE,FB15k237,without,119,/celebrities/celebrity/celebrity_friends./celebrities/friendship/friend,M-N,head,1,1,1,1.0,0.0,0.0
TransE,FB15k237,without,120,/location/hud_foreclosure_area/estimated_number_of_mortgages./measurement_unit/dated_integer/source,M-1,head,84,84,33,0.1343537446643625,0.9090909361839294,0.48484848484848486
TransE,FB15k237,without,121,/base/x2010fifaworldcupsouthafrica/world_cup_squad/current_world_cup_squad./base/x2010fifaworldcupsouthafrica/current_world_cup_squad/current_club,M-N,head,29,29,26,0.44827585986682345,0.8846153616905212,0.46153846153846156
TransE,FB15k237,without,122,/base/popstra/location/vacationers./base/popstra/vacation_choice/vacationer,M-N,head,31,31,19,0.4746543679918562,0.5263158082962036,0.2631578947368421
TransE,FB15k237,without,123,/base/popstra/celebrity/canoodled./base/popstra/canoodled/participant,M-N,head,1,1,0,0.0,,
TransE,FB15k237,without,124,/education/educational_institution/school_type,M-1,head,80,80,33,0.11071428656578064,1.0,0.5151515151515151
TransE,FB15k237,without,125,/sports/sport/pro_athletes./sports/pro_sports_played/athlete,1-N,head,17,17,16,0.9327731132507324,0.0625,0.0625
TransE,FB15k237,without,126,/award/hall_of_fame/inductees./award/hall_of_fame_induction/inductee,1-N,head,27,27,26,0.9365079317774091,0.03846153989434242,0.038461538461538464
TransE,FB15k237,without,127,/base/biblioness/bibs_location/state,M-1,head,7,7,3,0.20408164177622115,0.6666666865348816,0.6666666666666666
TransE,FB15k237,without,128,/education/university/local_tuition./measurement_unit/dated_money_value/currency,M-1,head,1,1,0,0.0,,
TransE,FB15k237,without,129,/business/business_operation/revenue./measurement_unit/dated_money_value/currency,M-1,head,1,1,0,0.0,,
TransE,FB15k237,without,130,/sports/sports_position/players./sports/sports_team_roster/team,M-N,head,22,22,22,1.0,0.0,0.0
TransE,FB15k237,without,131,/military/military_conflict/combatants./military/military_combatant_group/combatants,M-N,head,34,34,29,0.7142857142857143,0.4482758641242981,0.3103448275862069
TransE,FB15k237,without,132,/sports/sports_league/teams./sports/sports_league_participation/team,1-N,head,16,16,16,1.0,0.0,0.0
TransE,FB15k237,without,133,/base/biblioness/bibs_location/country,M-1,head,14,14,1,0.020408164177622114,1.0,1.0
TransE,FB15k237,without,134,/music/group_member/membership./music/group_membership/role,M-N,head,29,29,10,0.18226601289851324,0.800000011920929,0.5
TransE,FB15k237,without,135,/location/administrative_division/country,M-1,head,3,3,1,0.3333333432674408,0.0,0.0
TransE,FB15k237,without,136,/film/film/executive_produced_by,M-1,head,73,73,27,0.20743639767169952,0.8148148059844971,0.4074074074074074
TransE,FB15k237,without,137,/food/food/nutrients./food/nutrition_fact/nutrient,M-N,head,105,105,105,0.9931972793170384,0.02857142873108387,0.01904761904761905
TransE,FB15k237,without,138,/music/group_member/membership./music/group_membership/group,M-1,head,22,22,16,0.5974025981766837,0.375,0.1875
TransE,FB15k237,without,139,/location/statistical_region/gdp_nominal_per_capita./measurement_unit/dated_money_value/currency,M-1,head,3,3,1,0.3333333432674408,0.0,0.0
TransE,FB15k237,without,140,/education/field_of_study/students_majoring./education/education/student,1-N,head,34,34,26,0.49159663915634155,0.5769230723381042,0.34615384615384615
TransE,FB15k237,without,141,/award/award_winning_work/awards_won./award/award_honor/honored_for,M-N,head,10,10,9,0.8999999761581421,0.0,0.0
TransE,FB15k237,without,142,/sports/sports_team/roster./basketball/basketball_roster_position/position,M-N,head,2,2,0,0.0,,
TransE,FB15k237,without,143,/organization/organization/headquarters./location/mailing_address/state_province_region,M-1,head,39,39,7,0.095238097012043,0.7142857313156128,0.5714285714285714
TransE,FB15k237,without,144,/base/aareas/schema/administrative_area/capital,1-1,head,0,0,0,,,
TransE,FB15k237,without,145,/tv/tv_producer/programs_produced./tv/tv_producer_term/program,M-N,head,4,4,1,0.25,0.0,0.0
TransE,FB15k237,without,146,/education/educational_institution/campuses,1-1,head,13,13,13,1.0,0.0,0.0
TransE,FB15k237,without,147,/film/film/distributors./film/film_film_distributor_relationship/region,M-1,head,10,10,4,0.14285714711461747,1.0,0.75
TransE,FB15k237,without,148,/travel/travel_destination/climate./travel/travel_destination_monthly_climate/month,M-N,head,60,60,60,0.9952380997794015,0.01666666753590107,0.016666666666666666
TransE,FB15k237,without,149,/medicine/disease/notable_people_with_this_condition,1-N,head,15,15,13,0.7809523940086365,0.3076923191547394,0.15384615384615385
TransE,FB15k237,without,150,/base/schemastaging/organization_extra/phone_number./base/schemastaging/phone_sandbox/service_location,M-N,head,38,38,30,0.6090225577354431,0.5,0.36666666666666664
TransE,FB15k237,without,151,/people/ethnicity/geographic_distribution,M-N,head,17,17,15,0.7899159789085388,0.13333334028720856,0.13333333333333333
TransE,FB15k237,without,152,/military/military_combatant/military_conflicts./military/military_combatant_group/combatants,M-N,head,17,17,15,0.831932783126831,0.20000000298023224,0.13333333333333333
TransE,FB15k237,without,153,/film/film/personal_appearances./film/personal_film_appearance/person,1-N,head,11,11,6,0.41558442796979633,0.3333333432674408,0.3333333333333333
TransE,FB15k237,without,154,/location/location/time_zones,M-1,head,137,137,58,0.23774765644754683,0.6896551847457886,0.3448275862068966
TransE,FB15k237,without,155,/film/film/story_by,M-1,head,31,31,13,0.35023040430886404,0.38461539149284363,0.23076923076923078
TransE,FB15k237,without,156,/base/petbreeds/city_with_dogs/top_breeds./base/petbreeds/dog_city_relationship/dog_breed,M-N,head,21,21,21,0.897959189755576,0.2857142984867096,0.2857142857142857
TransE,FB15k237,without,157,/olympics/olympic_games/participating_countries,M-N,head,23,23,23,1.0,0.0,0.0
TransE,FB15k237,without,158,/tv/tv_network/programs./tv/tv_network_duration/program,1-N,head,26,26,19,0.631868132523128,0.21052631735801697,0.10526315789473684
TransE,FB15k237,without,159,/people/person/employment_history./business/employment_tenure/company,M-1,head,24,24,13,0.27976190405232565,0.7692307829856873,0.5384615384615384
TransE,FB15k237,without,160,/music/artist/origin,M-1,head,34,34,6,0.07142857222684793,1.0,0.6666666666666666
TransE,FB15k237,without,161,/people/marriage_union_type/unions_of_this_type./people/marriage/location_of_ceremony,1-N,head,53,53,53,1.0,0.0,0.0
TransE,FB15k237,without,162,/tv/tv_writer/tv_programs./tv/tv_program_writer_relationship/tv_program,M-1,head,9,9,4,0.17460317696843827,1.0,0.75
TransE,FB15k237,without,163,/time/event/locations,M-N,head,34,34,22,0.40756303497723173,0.9090909361839294,0.5454545454545454
TransE,FB15k237,without,164,/celebrities/celebrity/sexual_relationships./celebrities/romantic_relationship/celebrity,1-1,head,0,0,0,,,
TransE,FB15k237,without,165,/government/political_party/politicians_in_this_party./government/political_party_tenure/politician,1-N,head,11,11,10,0.9090909361839294,0.0,0.0
TransE,FB15k237,without,166,/education/university/domestic_tuition./measurement_unit/dated_money_value/currency,M-1,head,5,5,0,0.0,,
TransE,FB15k237,without,167,/organization/non_profit_organization/registered_with./organization/non_profit_registration/registering_agency,M-1,head,22,22,18,0.7987012948308673,0.1666666716337204,0.1111111111111111
TransE,FB15k237,without,168,/user/ktrueman/default_domain/international_organization/member_states,1-N,head,24,24,24,1.0,0.0,0.0
TransE,FB15k237,without,169,/american_football/football_team/current_roster./sports/sports_team_roster/position,M-N,head,0,0,0,,,
TransE,FB15k237,without,170,/soccer/football_player/current_team./sports/sports_team_roster/team,M-N,head,9,9,6,0.2539682611823082,0.8333333134651184,0.6666666666666666
TransE,FB15k237,without,171,/olympics/olympic_games/medals_awarded./olympics/olympic_medal_honor/medal,M-N,head,16,16,16,1.0,0.0,0.0
TransE,FB15k237,without,172,/award/ranked_item/appears_in_ranked_lists./award/ranking/list,M-1,head,48,48,30,0.375,0.7666666507720947,0.36666666666666664
TransE,FB15k237,without,173,/film/film_set_designer/film_sets_designed,1-N,head,8,8,7,0.6428571428571429,0.5714285969734192,0.2857142857142857
TransE,FB15k237,without,174,/user/jg/default_domain/olympic_games/sports,M-N,head,11,11,11,0.9610389726502555,0.09090909361839294,0.09090909090909091
TransE,FB15k237,without,175,/people/person/sibling_s./people/sibling_relationship/sibling,1-1,head,7,7,3,0.2857142963579723,0.6666666865348816,0.3333333333333333
TransE,FB15k237,without,176,/base/marchmadness/ncaa_basketball_tournament/seeds./base/marchmadness/ncaa_tournament_seed/team,M-N,head,41,41,40,0.8850174120494297,0.20000000298023224,0.15
TransE,FB15k237,without,177,/music/artist/contribution./music/recording_contribution/performance_role,M-N,head,14,14,5,0.173469392316682,0.800000011920929,0.6
TransE,FB15k237,without,178,/sports/sports_position/players./sports/sports_team_roster/position,M-N,head,0,0,0,,,
TransE,FB15k237,without,179,/government/politician/government_positions_held./government/government_position_held/basic_title,M-N,head,16,16,10,0.41964285714285715,0.699999988079071,0.5
TransE,FB15k237,without,180,/sports/sports_position/players./american_football/football_historical_roster_position/position_s,M-N,head,0,0,0,,,
TransE,FB15k237,without,181,/people/profession/specialization_of,M-1,head,13,13,4,0.25274725896971567,0.5,0.25
TransE,FB15k237,without,182,/award/award_category/category_of,M-1,head,20,20,20,0.957142846924918,0.10000000149011612,0.1
TransE,FB15k237,without,183,/film/film/cinematography,M-1,head,17,17,5,0.15126050689390727,0.800000011920929,0.8
TransE,FB15k237,without,184,/film/film/film_production_design_by,M-1,head,10,10,3,0.30000001192092896,0.0,0.0
TransE,FB15k237,without,185,/tv/tv_program/country_of_origin,M-1,head,32,32,21,0.42857142857142855,0.6666666865348816,0.38095238095238093
TransE,FB15k237,without,186,/film/film/edited_by,M-1,head,13,13,3,0.15384615851300104,0.6666666865348816,0.6666666666666666
TransE,FB15k237,without,187,/tv/tv_personality/tv_regular_appearances./tv/tv_regular_personal_appearance/program,M-1,head,11,11,2,0.05194805349622454,1.0,1.0
TransE,FB15k237,without,188,/education/field_of_study/students_majoring./education/education/major_field_of_study,M-N,head,11,11,6,0.42857144134385244,0.6666666865348816,0.5
TransE,FB15k237,without,189,/education/educational_degree/people_with_this_degree./education/education/student,1-N,head,27,27,27,1.0,0.0,0.0
TransE,FB15k237,without,190,/location/us_county/county_seat,1-1,head,2,2,2,1.0,0.0,0.0
TransE,FB15k237,without,191,/film/film/film_festivals,M-1,head,18,18,7,0.09523809647985867,1.0,0.5714285714285714
TransE,FB15k237,without,192,/people/person/spouse_s./people/marriage/spouse,1-1,head,4,4,0,0.0,,
TransE,FB15k237,without,193,/film/film/runtime./film/film_cut/film_release_region,M-1,head,9,9,0,0.0,,
TransE,FB15k237,without,194,/location/capital_of_administrative_division/capital_of./location/administrative_division_capital_relationship/administrative_division,1-1,head,0,0,0,,,
TransE,FB15k237,without,195,/base/aareas/schema/administrative_area/administrative_area_type,M-1,head,20,20,20,0.9785714234624591,0.05000000074505806,0.05
TransE,FB15k237,without,196,/influence/influence_node/peers./influence/peer_relationship/peers,1-1,head,2,2,0,0.0,,
TransE,FB15k237,without,197,/government/governmental_body/members./government/government_position_held/legislative_sessions,M-N,head,12,12,12,1.0,0.0,0.0
TransE,FB15k237,without,198,/base/schemastaging/organization_extra/phone_number./base/schemastaging/phone_sandbox/service_language,M-N,head,21,21,20,0.7687074967793056,0.5,0.25
TransE,FB15k237,without,199,/organization/organization/place_founded,M-1,head,16,16,8,0.30357142857142855,0.875,0.625
TransE,FB15k237,without,200,/base/eating/practicer_of_diet/diet,M-1,head,11,11,1,0.02597402674811227,1.0,1.0
TransE,FB15k237,without,201,/tv/tv_program/program_creator,1-1,head,2,2,0,0.0,,
TransE,FB15k237,without,202,/people/deceased_person/place_of_burial,M-1,head,9,9,0,0.0,,
TransE,FB15k237,without,203,/film/film/release_date_s./film/film_regional_release_date/film_regional_debut_venue,M-1,head,20,20,7,0.1642857167337622,0.8571428656578064,0.7142857142857143
TransE,FB15k237,without,204,/ice_hockey/hockey_team/current_roster./sports/sports_team_roster/position,M-N,head,4,4,2,0.21428571428571427,1.0,0.5
TransE,FB15k237,without,205,/location/administrative_division/first_level_division_of,M-1,head,0,0,0,,,
TransE,FB15k237,without,206,/location/statistical_region/gdp_real./measurement_unit/adjusted_money_value/adjustment_currency,M-1,head,0,0,0,,,
TransE,FB15k237,without,207,/organization/organization/child./organization/organization_relationship/child,1-N,head,20,20,13,0.42857142431395395,0.5384615659713745,0.38461538461538464
TransE,FB15k237,without,208,/business/business_operation/assets./measurement_unit/dated_money_value/currency,M-1,head,0,0,0,,,
TransE,FB15k237,without,209,/film/person_or_entity_appearing_in_film/films./film/personal_film_appearance/type_of_appearance,M-1,head,3,3,1,0.28571429422923494,1.0,1.0
TransE,FB15k237,without,210,/time/event/instance_of_recurring_event,M-1,head,11,11,11,0.8571428571428571,0.1818181872367859,0.18181818181818182
TransE,FB15k237,without,211,/tv/non_character_role/tv_regular_personal_appearances./tv/tv_regular_personal_appearance/person,1-N,head,7,7,6,0.8571428656578064,0.0,0.0
TransE,FB15k237,without,212,/film/actor/film./film/performance/special_performance_type,M-1,head,16,16,3,0.09821428571428571,0.6666666865348816,0.6666666666666666
TransE,FB15k237,without,213,/business/business_operation/operating_income./measurement_unit/dated_money_value/currency,M-1,head,0,0,0,,,
TransE,FB15k237,without,214,/people/ethnicity/languages_spoken,M-N,head,29,29,23,0.5566502341202327,0.6086956262588501,0.30434782608695654
TransE,FB15k237,without,215,/base/americancomedy/celebrity_impressionist/celebrities_impersonated,1-N,head,8,8,8,0.875,0.375,0.25
TransE,FB15k237,without,216,/medicine/symptom/symptom_of,M-N,head,31,31,30,0.9447004454476493,0.10000000149011612,0.1
TransE,FB15k237,without,217,/education/university/fraternities_and_sororities,M-1,head,21,21,10,0.24489796374525344,0.800000011920929,0.5
TransE,FB15k237,without,218,/location/statistical_region/places_exported_to./location/imports_and_exports/exported_to,M-N,head,13,13,2,0.0439560455935342,1.0,1.0
TransE,FB15k237,without,219,/location/statistical_region/gdp_nominal./measurement_unit/dated_money_value/currency,M-1,head,4,4,0,0.0,,
TransE,FB15k237,without,220,/travel/travel_destination/how_to_get_here./travel/transportation/mode_of_transportation,M-N,head,20,20,20,0.9571428554398673,0.25,0.25
TransE,FB15k237,without,221,/location/country/official_language,M-1,head,16,16,4,0.11607142857142858,1.0,0.5
TransE,FB15k237,without,222,/location/location/partially_contains,M-1,head,13,13,9,0.5054945179394313,0.8888888955116272,0.5555555555555556
TransE,FB15k237,without,223,/film/film/film_art_direction_by,M-1,head,3,3,3,0.7619047718388694,0.6666666865348816,0.3333333333333333
TransE,FB15k237,without,224,/people/person/spouse_s./people/marriage/location_of_ceremony,M-1,head,35,35,5,0.07755102163978986,0.800000011920929,0.6
TransE,FB15k237,without,225,/education/university/international_tuition./measurement_unit/dated_money_value/currency,M-1,head,0,0,0,,,
TransE,FB15k237,without,226,/organization/organization_founder/organizations_founded,1-1,head,9,9,3,0.23809524306229182,0.6666666865348816,0.6666666666666666
TransE,FB15k237,without,227,/film/film/dubbing_performances./film/dubbing_performance/actor,M-N,head,8,8,8,0.8571428571428571,0.375,0.25
TransE,FB15k237,without,228,/dataworld/gardening_hint/split_to,1-1,head,10,10,7,0.699999988079071,0.0,0.0
TransE,FB15k237,without,229,/medicine/disease/risk_factors,M-N,head,13,13,6,0.37362638115882874,0.5,0.16666666666666666
TransE,FB15k237,without,230,/film/film/prequel,1-1,head,18,18,16,0.8095238123621259,0.1875,0.125
TransE,FB15k237,without,231,/base/localfood/seasonal_month/produce_available./base/localfood/produce_availability/seasonal_months,M-N,head,3,3,3,1.0,0.0,0.0
TransE,FB15k237,without,232,/film/actor/dubbing_performances./film/dubbing_performance/language,M-1,head,12,12,2,0.07142857355730874,1.0,1.0
TransE,FB15k237,without,233,/broadcast/content/artist,1-N,head,14,14,14,1.0,0.0,0.0
TransE,FB15k237,without,234,/location/statistical_region/gni_per_capita_in_ppp_dollars./measurement_unit/dated_money_value/currency,M-1,head,0,0,0,,,
TransE,FB15k237,without,235,/music/instrument/family,M-1,head,6,6,1,0.07142857355730874,1.0,1.0
TransE,FB15k237,without,236,/government/politician/government_positions_held./government/government_position_held/jurisdiction_of_office,M-1,head,9,9,6,0.46031747119767324,0.5,0.3333333333333333
TransE,FB15k237,without,0,/location/country/form_of_government,M-N,tail,43,43,43,1.0,0.0,0.0
TransE,FB15k237,without,1,/tv/tv_program/regular_cast./tv/regular_tv_appearance/actor,1-N,tail,91,91,22,0.13343799433537892,0.7272727489471436,0.4090909090909091
TransE,FB15k237,without,2,/media_common/netflix_genre/titles,M-N,tail,124,124,30,0.14746543552194322,0.7666666507720947,0.43333333333333335
TransE,FB15k237,without,3,/award/award_winner/awards_won./award/award_honor/award_winner,M-N,tail,41,41,29,0.6341463497706822,0.24137930572032928,0.13793103448275862
TransE,FB15k237,without,4,/soccer/football_team/current_roster./sports/sports_team_roster/position,M-N,tail,12,12,12,1.0,0.0,0.0
TransE,FB15k237,without,5,/soccer/football_team/current_roster./soccer/football_roster_position/position,M-N,tail,10,10,10,1.0,0.0,0.0
TransE,FB15k237,without,6,/film/actor/film./film/performance/film,M-N,tail,836,836,176,0.1173957639506885,0.6988636255264282,0.32954545454545453
TransE,FB15k237,without,7,/award/award_category/nominees./award/award_nomination/nominated_for,M-N,tail,858,858,326,0.24492175025599344,0.650306761264801,0.2822085889570552
TransE,FB15k237,without,8,/award/award_nominee/award_nominations./award/award_nomination/award_nominee,M-N,tail,214,214,178,0.7636849199022565,0.1741573065519333,0.08426966292134831
TransE,FB15k237,without,9,/music/performance_role/regular_performances./music/group_membership/role,M-N,tail,40,40,18,0.2535714294229235,0.7222222089767456,0.3888888888888889
TransE,FB15k237,without,10,/award/award_category/winners./award/award_honor/ceremony,M-N,tail,323,323,312,0.9287925618035453,0.09294871985912323,0.05128205128205128
TransE,FB15k237,without,11,/film/film/release_date_s./film/film_regional_release_date/film_release_distribution_medium,M-1,tail,158,158,158,1.0,0.0,0.0
TransE,FB15k237,without,12,/award/award_winning_work/awards_won./award/award_honor/award_winner,M-N,tail,24,24,13,0.40476190192358835,0.38461539149284363,0.38461538461538464
TransE,FB15k237,without,13,/film/film/release_date_s./film/film_regional_release_date/film_release_region,M-N,tail,1447,1447,1330,0.82051534312112,0.2684210538864136,0.11278195488721804
TransE,FB15k237,without,14,/film/film/language,M-N,tail,314,314,301,0.9176524196352277,0.0830564796924591,0.059800664451827246
TransE,FB15k237,without,15,/location/location/contains,M-N,tail,330,330,107,0.2021645030805043,0.6542056202888489,0.2803738317757009
TransE,FB15k237,without,16,/organization/organization/headquarters./location/mailing_address/country,M-1,tail,7,7,6,0.8571428656578064,0.0,0.0
TransE,FB15k237,without,17,/people/person/profession,M-N,tail,1311,1311,1244,0.9140241997582572,0.08601286262273788,0.0409967845659164
TransE,FB15k237,without,18,/location/statistical_region/religions./location/religion_percentage/religion,M-N,tail,60,60,58,0.9285714370863778,0.06896551698446274,0.034482758620689655
TransE,FB15k237,without,19,/award/award_nominee/award_nominations./award/award_nomination/award,M-N,tail,1067,1067,898,0.7058508566447667,0.3552338480949402,0.155902004454343
TransE,FB15k237,without,20,/music/genre/artists,M-N,tail,664,664,314,0.26957830786705017,0.7261146306991577,0.3343949044585987
TransE,FB15k237,without,21,/influence/influence_node/influenced_by,M-N,tail,235,235,120,0.34650456479617525,0.6083333492279053,0.3
TransE,FB15k237,without,22,/education/educational_institution/students_graduates./education/education/student,1-N,tail,311,311,31,0.035829122843486924,0.9354838728904724,0.45161290322580644
TransE,FB15k237,without,23,/organization/organization_member/member_of./organization/organization_membership/organization,M-N,tail,96,96,96,0.9985119019235883,0.010416666977107525,0.010416666666666666
TransE,FB15k237,without,24,/people/person/place_of_birth,M-1,tail,170,170,75,0.33193278312683105,0.4933333396911621,0.26666666666666666
TransE,FB15k237,without,25,/common/topic/webpage./common/webpage/category,M-1,tail,402,402,402,1.0,0.0,0.0
TransE,FB15k237,without,26,/film/film/other_crew./film/film_crew_gig/film_crew_role,M-N,tail,606,606,594,0.9615747332572937,0.04545454680919647,0.021885521885521887
TransE,FB15k237,without,27,/award/award_ceremony/awards_presented./award/award_honor/award_winner,M-N,tail,317,317,124,0.2739972940513066,0.5564516186714172,0.28225806451612906
TransE,FB15k237,without,28,/film/film/country,M-1,tail,131,131,122,0.91930205481393,0.032786883413791656,0.02459016393442623
TransE,FB15k237,without,29,/olympics/olympic_sport/athletes./olympics/olympic_athlete_affiliation/country,M-N,tail,258,258,194,0.5603543860571725,0.530927836894989,0.25773195876288657
TransE,FB15k237,without,30,/award/award_winning_work/awards_won./award/award_honor/award,M-N,tail,118,118,80,0.5338983110019139,0.36250001192092896,0.2
TransE,FB15k237,without,31,/film/film/genre,M-N,tail,722,722,649,0.8110407590866089,0.2172573208808899,0.10939907550077041
TransE,FB15k237,without,32,/film/film_distributor/films_distributed./film/film_film_distributor_relationship/film,M-N,tail,160,160,33,0.10446428614003318,0.7575757503509521,0.36363636363636365
TransE,FB15k237,without,33,/location/statistical_region/rent50_2./measurement_unit/dated_money_value/currency,M-1,tail,46,46,46,1.0,0.0,0.0
TransE,FB15k237,without,34,/film/film/estimated_budget./measurement_unit/dated_money_value/currency,M-1,tail,151,151,151,1.0,0.0,0.0
TransE,FB15k237,without,35,/government/legislative_session/members./government/government_position_held/district_represented,M-N,tail,117,117,117,0.9719169735908508,0.07692307978868484,0.05128205128205128
TransE,FB15k237,without,36,/sports/sports_team/roster./american_football/football_historical_roster_position/position_s,M-N,tail,1,1,1,1.0,0.0,0.0
TransE,FB15k237,without,37,/government/government_office_category/officeholders./government/government_position_held/jurisdiction_of_office,M-N,tail,91,91,54,0.3029827411685671,0.8333333134651184,0.4074074074074074
TransE,FB15k237,without,38,/award/award_nominee/award_nominations./award/award_nomination/nominated_for,M-N,tail,132,132,69,0.39718614731516155,0.43478259444236755,0.21739130434782608
TransE,FB15k237,without,39,/people/deceased_person/place_of_death,M-1,tail,78,78,50,0.5567765576498849,0.2800000011920929,0.12
TransE,FB15k237,without,40,/sports/pro_athlete/teams./sports/sports_team_roster/team,M-N,tail,16,16,8,0.26785714285714285,0.875,0.875
TransE,FB15k237,without,41,/music/artist/track_contributions./music/track_contribution/role,M-N,tail,152,152,114,0.5930451154708862,0.45614033937454224,0.23684210526315788
TransE,FB15k237,without,42,/music/instrument/instrumentalists,M-N,tail,153,153,29,0.10364145785570145,0.8275862336158752,0.4482758620689655
TransE,FB15k237,without,43,/people/person/gender,M-1,tail,436,436,436,1.0,0.0,0.0
TransE,FB15k237,without,44,/business/job_title/people_with_this_title./business/employment_tenure/company,M-N,tail,85,85,33,0.1882352977991104,0.7272727489471436,0.3939393939393939
TransE,FB15k237,without,45,/base/popstra/celebrity/friendship./base/popstra/friendship/participant,M-N,tail,32,32,7,0.10267857142857142,0.7142857313156128,0.5714285714285714
TransE,FB15k237,without,46,/business/business_operation/industry,M-1,tail,41,41,36,0.8397212539400373,0.1111111119389534,0.1111111111111111
TransE,FB15k237,without,47,/award/award_category/winners./award/award_honor/award_winner,M-N,tail,217,217,82,0.2330480558531625,0.6585366129875183,0.32926829268292684
TransE,FB15k237,without,48,/people/person/nationality,M-1,tail,494,494,477,0.9470792583056858,0.041928719729185104,0.023060796645702306
TransE,FB15k237,without,49,/sports/sports_team/roster./baseball/baseball_roster_position/position,M-N,tail,3,3,3,1.0,0.0,0.0
TransE,FB15k237,without,50,/people/cause_of_death/people,1-N,tail,94,94,7,0.015197568173919405,1.0,0.7142857142857143
TransE,FB15k237,without,51,/tv/tv_program/languages,M-1,tail,24,24,24,1.0,0.0,0.0
TransE,FB15k237,without,52,/music/genre/parent_genre,M-N,tail,97,97,79,0.6995581558772496,0.3417721390724182,0.1518987341772152
TransE,FB15k237,without,53,/base/popstra/celebrity/breakup./base/popstra/breakup/participant,1-1,tail,0,0,0,,,
TransE,FB15k237,without,54,/location/country/capital,1-1,tail,11,11,5,0.35064936109951567,0.6000000238418579,0.6
TransE,FB15k237,without,55,/film/special_film_performance_type/film_performance_type./film/performance/film,1-N,tail,11,11,3,0.2597402674811227,0.3333333432674408,0.3333333333333333
TransE,FB15k237,without,56,/location/hud_county_place/place,1-1,tail,48,48,48,1.0,0.0,0.0
TransE,FB15k237,without,57,/music/performance_role/guest_performances./music/recording_contribution/performance_role,M-N,tail,2,2,2,0.6428571428571429,0.5,0.5
TransE,FB15k237,without,58,/location/location/adjoin_s./location/adjoining_relationship/adjoins,M-N,tail,55,55,47,0.7064935054097857,0.3404255211353302,0.23404255319148937
TransE,FB15k237,without,59,/film/film_subject/films,1-N,tail,77,77,15,0.07421150218163218,0.8666666746139526,0.4
TransE,FB15k237,without,60,/base/schemastaging/person_extra/net_worth./measurement_unit/dated_money_value/currency,M-1,tail,60,60,60,1.0,0.0,0.0
TransE,FB15k237,without,61,/education/educational_institution/colors,M-N,tail,90,90,85,0.834920619215284,0.2823529541492462,0.17647058823529413
TransE,FB15k237,without,62,/base/aareas/schema/administrative_area/administrative_parent,M-1,tail,25,25,24,0.8914285727909633,0.0833333358168602,0.08333333333333333
TransE,FB15k237,without,63,/organization/role/leaders./organization/leadership/organization,1-N,tail,70,70,12,0.0510204088475023,1.0,0.5
TransE,FB15k237,without,64,/government/legislative_session/members./government/government_position_held/legislative_sessions,M-N,tail,13,13,13,1.0,0.0,0.0
TransE,FB15k237,without,65,/olympics/olympic_games/sports,M-N,tail,13,13,13,1.0,0.0,0.0
TransE,FB15k237,without,66,/people/person/places_lived./people/place_lived/location,M-N,tail,305,305,154,0.3653395729405539,0.5,0.2532467532467532
TransE,FB15k237,without,67,/award/award_category/disciplines_or_subjects,M-N,tail,15,15,14,0.8857142925262451,0.0714285746216774,0.07142857142857142
TransE,FB15k237,without,68,/sports/professional_sports_team/draft_picks./sports/sports_league_draft_pick/school,M-N,tail,86,86,42,0.21760797713484084,0.8809523582458496,0.40476190476190477
TransE,FB15k237,without,69,/olympics/olympic_participating_country/medals_won./olympics/olympic_medal_honor/olympics,M-N,tail,63,63,61,0.9229024989264352,0.16393442451953888,0.08196721311475409
TransE,FB15k237,without,70,/language/human_language/countries_spoken_in,M-N,tail,25,25,14,0.3142857125827244,0.7142857313156128,0.35714285714285715
TransE,FB15k237,without,71,/people/ethnicity/people,1-N,tail,251,251,36,0.058622653995241435,0.8888888955116272,0.4444444444444444
TransE,FB15k237,without,72,/olympics/olympic_participating_country/athletes./olympics/olympic_athlete_affiliation/olympics,M-N,tail,31,31,27,0.7788018328802926,0.18518517911434174,0.1111111111111111
TransE,FB15k237,without,73,/olympics/olympic_participating_country/medals_won./olympics/olympic_medal_honor/medal,M-N,tail,38,38,38,1.0,0.0,0.0
TransE,FB15k237,without,74,/film/film/other_crew./film/film_crew_gig/crewmember,M-1,tail,26,26,23,0.6263736230986459,0.6521739363670349,0.34782608695652173
TransE,FB15k237,without,75,/music/performance_role/track_performances./music/track_contribution/role,M-N,tail,53,53,25,0.35579514503479004,0.5600000023841858,0.28
TransE,FB15k237,without,76,/music/record_label/artist,M-N,tail,266,266,57,0.09237379154988698,0.8947368264198303,0.42105263157894735
TransE,FB15k237,without,77,/base/popstra/celebrity/dated./base/popstra/dated/participant,M-N,tail,11,11,0,0.0,,
TransE,FB15k237,without,78,/base/locations/continents/countries_within,1-N,tail,5,5,4,0.42857143708637785,0.75,0.5
TransE,FB15k237,without,79,/sports/sports_league_draft/picks./sports/sports_league_draft_pick/school,M-N,tail,42,42,21,0.2993197377238955,0.8571428656578064,0.5238095238095238
TransE,FB15k237,without,80,/sports/sports_team/sport,M-1,tail,53,53,53,0.9919137528964451,0.01886792480945587,0.018867924528301886
TransE,FB15k237,without,81,/education/educational_institution_campus/educational_institution,1-1,tail,13,13,13,1.0,0.0,0.0
TransE,FB15k237,without,82,/people/person/religion,M-1,tail,127,127,119,0.8818897604942322,0.15126051008701324,0.07563025210084033
TransE,FB15k237,without,83,/organization/organization/headquarters./location/mailing_address/citytown,M-1,tail,55,55,44,0.5194805179323468,0.5909090638160706,0.2727272727272727
TransE,FB15k237,without,84,/film/film/produced_by,M-1,tail,60,60,38,0.5023809501102993,0.3947368562221527,0.2631578947368421
TransE,FB15k237,without,85,/people/person/spouse_s./people/marriage/type_of_union,M-1,tail,346,346,346,1.0,0.0,0.0
TransE,FB15k237,without,86,/film/film/production_companies,M-1,tail,84,84,72,0.7414965970175607,0.3611111044883728,0.18055555555555555
TransE,FB15k237,without,87,/location/country/second_level_divisions,1-N,tail,46,46,7,0.055900621094873974,0.8571428656578064,0.5714285714285714
TransE,FB15k237,without,88,/base/culturalevent/event/entity_involved,M-N,tail,20,20,5,0.1785714328289032,0.800000011920929,0.4
TransE,FB15k237,without,89,/education/educational_degree/people_with_this_degree./education/education/institution,M-N,tail,287,287,129,0.23096067351954325,0.8217054009437561,0.37209302325581395
TransE,FB15k237,without,90,/film/film/distributors./film/film_film_distributor_relationship/film_distribution_medium,M-1,tail,38,38,38,1.0,0.0,0.0
TransE,FB15k237,without,91,/tv/tv_program/tv_producer./tv/tv_producer_term/producer_type,M-1,tail,11,11,11,1.0,0.0,0.0
TransE,FB15k237,without,92,/music/performance_role/regular_performances./music/group_membership/group,M-N,tail,167,167,115,0.5175363506589618,0.47826087474823,0.25217391304347825
TransE,FB15k237,without,93,/government/politician/government_positions_held./government/government_position_held/legislative_sessions,M-N,tail,30,30,29,0.8714285663196019,0.13793103396892548,0.10344827586206896
TransE,FB15k237,without,94,/sports/sports_team_location/teams,1-1,tail,53,53,5,0.026954178299222673,1.0,0.6
TransE,FB15k237,without,95,/sports/sports_team/colors,M-N,tail,77,77,76,0.9332096236092704,0.1184210553765297,0.07894736842105263
TransE,FB15k237,without,96,/sports/professional_sports_team/draft_picks./sports/sports_league_draft_pick/draft,M-N,tail,43,43,43,1.0,0.0,0.0
TransE,FB15k237,without,97,/award/award_nominated_work/award_nominations./award/award_nomination/nominated_for,M-N,tail,16,16,15,0.8839285714285714,0.06666667014360428,0.06666666666666667
TransE,FB15k237,without,98,/baseball/baseball_team/team_stats./baseball/baseball_team_stats/season,M-N,tail,27,27,27,1.0,0.0,0.0
TransE,FB15k237,without,99,/user/alexander/philosophy/philosopher/interests,M-N,tail,9,9,9,1.0,0.0,0.0
TransE,FB15k237,without,100,/people/person/languages,M-1,tail,98,98,97,0.9854227474757603,0.010309278033673763,0.010309278350515464
TransE,FB15k237,without,101,/education/educational_institution/students_graduates./education/education/major_field_of_study,M-N,tail,321,321,243,0.5772140622138977,0.5349794030189514,0.2716049382716049
TransE,FB15k237,without,102,/film/director/film,1-N,tail,19,19,8,0.2706766937460218,0.5,0.375
TransE,FB15k237,without,103,/award/award_ceremony/awards_presented./award/award_honor/honored_for,M-N,tail,121,121,49,0.2821723754916872,0.5306122303009033,0.22448979591836735
TransE,FB15k237,without,104,/olympics/olympic_sport/athletes./olympics/olympic_athlete_affiliation/olympics,M-N,tail,8,8,7,0.8392857142857143,0.1428571492433548,0.14285714285714285
TransE,FB15k237,without,105,/film/film/costume_design_by,M-1,tail,13,13,12,0.8681318759918213,0.0833333358168602,0.08333333333333333
TransE,FB15k237,without,106,/film/film/featured_film_locations,M-1,tail,100,100,61,0.4828571379184723,0.32786884903907776,0.19672131147540983
TransE,FB15k237,without,107,/tv/tv_program/genre,M-N,tail,94,94,88,0.8085106611251831,0.28409090638160706,0.14772727272727273
TransE,FB15k237,without,108,/organization/endowed_organization/endowment./measurement_unit/dated_money_value/currency,M-1,tail,3,3,3,1.0,0.0,0.0
TransE,FB15k237,without,109,/film/film/written_by,M-1,tail,26,26,15,0.32967033982276917,0.7333333492279053,0.4666666666666667
TransE,FB15k237,without,110,/tv/tv_producer/programs_produced./tv/tv_producer_term/producer_type,M-1,tail,22,22,22,1.0,0.0,0.0
TransE,FB15k237,without,111,/location/hud_county_place/county,M-1,tail,7,7,6,0.44897960339273724,0.6666666865348816,0.3333333333333333
TransE,FB15k237,without,112,/education/educational_degree/people_with_this_degree./education/education/major_field_of_study,M-N,tail,63,63,54,0.682539701461792,0.46296295523643494,0.2777777777777778
TransE,FB15k237,without,113,/base/schemastaging/organization_extra/phone_number./base/schemastaging/phone_sandbox/contact_category,M-1,tail,20,20,20,1.0,0.0,0.0
TransE,FB15k237,without,114,/base/saturdaynightlive/snl_cast_member/seasons./base/saturdaynightlive/snl_season_tenure/cast_members,M-N,tail,3,3,3,1.0,0.0,0.0
TransE,FB15k237,without,115,/film/film/film_format,M-1,tail,39,39,39,1.0,0.0,0.0
TransE,FB15k237,without,116,/film/film/music,M-1,tail,92,92,62,0.44409937943731037,0.6290322542190552,0.3709677419354839
TransE,FB15k237,without,117,/sports/sports_team/roster./american_football/football_roster_position/position,M-N,tail,3,3,3,1.0,0.0,0.0
TransE,FB15k237,without,118,/user/tsegaran/random/taxonomy_subject/entry./user/tsegaran/random/taxonomy_entry/taxonomy,M-1,tail,50,50,50,1.0,0.0,0.0
TransE,FB15k237,without,119,/celebrities/celebrity/celebrity_friends./celebrities/friendship/friend,M-N,tail,1,1,0,0.0,,
TransE,FB15k237,without,120,/location/hud_foreclosure_area/estimated_number_of_mortgages./measurement_unit/dated_integer/source,M-1,tail,84,84,84,1.0,0.0,0.0
TransE,FB15k237,without,121,/base/x2010fifaworldcupsouthafrica/world_cup_squad/current_world_cup_squad./base/x2010fifaworldcupsouthafrica/current_world_cup_squad/current_club,M-N,tail,29,29,10,0.15763546845742635,0.8999999761581421,0.6
TransE,FB15k237,without,122,/base/popstra/location/vacationers./base/popstra/vacation_choice/vacationer,M-N,tail,31,31,7,0.055299537522452216,1.0,0.5714285714285714
TransE,FB15k237,without,123,/base/popstra/celebrity/canoodled./base/popstra/canoodled/participant,M-N,tail,1,1,0,0.0,,
TransE,FB15k237,without,124,/education/educational_institution/school_type,M-1,tail,80,80,79,0.9803571615900312,0.037974681705236435,0.02531645569620253
TransE,FB15k237,without,125,/sports/sport/pro_athletes./sports/pro_sports_played/athlete,1-N,tail,17,17,10,0.5630252318722861,0.20000000298023224,0.1
TransE,FB15k237,without,126,/award/hall_of_fame/inductees./award/hall_of_fame_induction/inductee,1-N,tail,27,27,7,0.15873015884842193,0.7142857313156128,0.42857142857142855
TransE,FB15k237,without,127,/base/biblioness/bibs_location/state,M-1,tail,7,7,7,0.9591836759022304,0.2857142984867096,0.2857142857142857
TransE,FB15k237,without,128,/education/university/local_tuition./measurement_unit/dated_money_value/currency,M-1,tail,1,1,1,1.0,0.0,0.0
TransE,FB15k237,without,129,/business/business_operation/revenue./measurement_unit/dated_money_value/currency,M-1,tail,1,1,1,1.0,0.0,0.0
TransE,FB15k237,without,130,/sports/sports_position/players./sports/sports_team_roster/team,M-N,tail,22,22,10,0.38311688389096943,0.4000000059604645,0.3
TransE,FB15k237,without,131,/military/military_conflict/combatants./military/military_combatant_group/combatants,M-N,tail,34,34,25,0.4705882413046701,0.7599999904632568,0.32
TransE,FB15k237,without,132,/sports/sports_league/teams./sports/sports_league_participation/team,1-N,tail,16,16,10,0.4375,0.6000000238418579,0.4
TransE,FB15k237,without,133,/base/biblioness/bibs_location/country,M-1,tail,14,14,14,0.9693877526691982,0.1428571492433548,0.14285714285714285
TransE,FB15k237,without,134,/music/group_member/membership./music/group_membership/role,M-N,tail,29,29,25,0.7339901328086853,0.36000001430511475,0.16
TransE,FB15k237,without,135,/location/administrative_division/country,M-1,tail,3,3,3,1.0,0.0,0.0
TransE,FB15k237,without,136,/film/film/executive_produced_by,M-1,tail,73,73,52,0.5870841656412397,0.32692307233810425,0.21153846153846154
TransE,FB15k237,without,137,/food/food/nutrients./food/nutrition_fact/nutrient,M-N,tail,105,105,105,0.9918367351804461,0.02857142873108387,0.02857142857142857
TransE,FB15k237,without,138,/music/group_member/membership./music/group_membership/group,M-1,tail,22,22,22,0.8571428656578064,0.27272728085517883,0.22727272727272727
TransE,FB15k237,without,139,/location/statistical_region/gdp_nominal_per_capita./measurement_unit/dated_money_value/currency,M-1,tail,3,3,3,1.0,0.0,0.0
TransE,FB15k237,without,140,/education/field_of_study/students_majoring./education/education/student,1-N,tail,34,34,6,0.06302521138318948,1.0,0.8333333333333334
TransE,FB15k237,without,141,/award/award_winning_work/awards_won./award/award_honor/honored_for,M-N,tail,10,10,9,0.8999999761581421,0.0,0.0
TransE,FB15k237,without,142,/sports/sports_team/roster./basketball/basketball_roster_position/position,M-N,tail,2,2,2,1.0,0.0,0.0
TransE,FB15k237,without,143,/organization/organization/headquarters./location/mailing_address/state_province_region,M-1,tail,39,39,37,0.761904776096344,0.37837839126586914,0.2972972972972973
TransE,FB15k237,without,144,/base/aareas/schema/administrative_area/capital,1-1,tail,0,0,0,,,
TransE,FB15k237,without,145,/tv/tv_producer/programs_produced./tv/tv_producer_term/program,M-N,tail,4,4,4,0.35714285714285715,1.0,0.75
TransE,FB15k237,without,146,/education/educational_institution/campuses,1-1,tail,13,13,13,1.0,0.0,0.0
TransE,FB15k237,without,147,/film/film/distributors./film/film_film_distributor_relationship/region,M-1,tail,10,10,10,1.0,0.0,0.0
TransE,FB15k237,without,148,/travel/travel_destination/climate./travel/travel_destination_monthly_climate/month,M-N,tail,60,60,60,1.0,0.0,0.0
TransE,FB15k237,without,149,/medicine/disease/notable_people_with_this_condition,1-N,tail,15,15,2,0.06666667014360428,1.0,1.0
TransE,FB15k237,without,150,/base/schemastaging/organization_extra/phone_number./base/schemastaging/phone_sandbox/service_location,M-N,tail,38,38,29,0.6578947220529828,0.3103448152542114,0.13793103448275862
TransE,FB15k237,without,151,/people/ethnicity/geographic_distribution,M-N,tail,17,17,12,0.5126050582953862,0.6666666865348816,0.5
TransE,FB15k237,without,152,/military/military_combatant/military_conflicts./military/military_combatant_group/combatants,M-N,tail,17,17,15,0.7983193397521973,0.3333333432674408,0.2
TransE,FB15k237,without,153,/film/film/personal_appearances./film/personal_film_appearance/person,1-N,tail,11,11,3,0.27272728085517883,0.0,0.0
TransE,FB15k237,without,154,/location/location/time_zones,M-1,tail,137,137,137,0.9947862454823085,0.014598540030419827,0.014598540145985401
TransE,FB15k237,without,155,/film/film/story_by,M-1,tail,31,31,19,0.49769584621701923,0.3684210479259491,0.2631578947368421
TransE,FB15k237,without,156,/base/petbreeds/city_with_dogs/top_breeds./base/petbreeds/dog_city_relationship/dog_breed,M-N,tail,21,21,21,1.0,0.0,0.0
TransE,FB15k237,without,157,/olympics/olympic_games/participating_countries,M-N,tail,23,23,11,0.26708073914051056,0.9090909361839294,0.6363636363636364
TransE,FB15k237,without,158,/tv/tv_network/programs./tv/tv_network_duration/program,1-N,tail,26,26,10,0.18131868434803827,0.8999999761581421,0.6
TransE,FB15k237,without,159,/people/person/employment_history./business/employment_tenure/company,M-1,tail,24,24,15,0.39285714285714285,0.6666666865348816,0.3333333333333333
TransE,FB15k237,without,160,/music/artist/origin,M-1,tail,34,34,17,0.4075630307197571,0.4117647111415863,0.29411764705882354
TransE,FB15k237,without,161,/people/marriage_union_type/unions_of_this_type./people/marriage/location_of_ceremony,1-N,tail,53,53,5,0.04851752093860081,0.6000000238418579,0.4
TransE,FB15k237,without,162,/tv/tv_writer/tv_programs./tv/tv_program_writer_relationship/tv_program,M-1,tail,9,9,6,0.5873016119003296,0.3333333432674408,0.3333333333333333
TransE,FB15k237,without,163,/time/event/locations,M-N,tail,34,34,17,0.2815126138074057,0.8235294222831726,0.35294117647058826
TransE,FB15k237,without,164,/celebrities/celebrity/sexual_relationships./celebrities/romantic_relationship/celebrity,1-1,tail,0,0,0,,,
TransE,FB15k237,without,165,/government/political_party/politicians_in_this_party./government/political_party_tenure/politician,1-N,tail,11,11,4,0.14285714711461747,1.0,0.75
TransE,FB15k237,without,166,/education/university/domestic_tuition./measurement_unit/dated_money_value/currency,M-1,tail,5,5,5,1.0,0.0,0.0
TransE,FB15k237,without,167,/organization/non_profit_organization/registered_with./organization/non_profit_registration/registering_agency,M-1,tail,22,22,22,1.0,0.0,0.0
TransE,FB15k237,without,168,/user/ktrueman/default_domain/international_organization/member_states,1-N,tail,24,24,20,0.4880952366760799,0.75,0.35
TransE,FB15k237,without,169,/american_football/football_team/current_roster./sports/sports_team_roster/position,M-N,tail,0,0,0,,,
TransE,FB15k237,without,170,/soccer/football_player/current_team./sports/sports_team_roster/team,M-N,tail,9,9,2,0.03174603198255811,1.0,1.0
TransE,FB15k237,without,171,/olympics/olympic_games/medals_awarded./olympics/olympic_medal_honor/medal,M-N,tail,16,16,16,1.0,0.0,0.0
TransE,FB15k237,without,172,/award/ranked_item/appears_in_ranked_lists./award/ranking/list,M-1,tail,48,48,48,1.0,0.0,0.0
TransE,FB15k237,without,173,/film/film_set_designer/film_sets_designed,1-N,tail,8,8,3,0.10714285714285714,1.0,1.0
TransE,FB15k237,without,174,/user/jg/default_domain/olympic_games/sports,M-N,tail,11,11,11,1.0,0.0,0.0
TransE,FB15k237,without,175,/people/person/sibling_s./people/sibling_relationship/sibling,1-1,tail,7,7,3,0.20408163964748383,0.6666666865348816,0.6666666666666666
TransE,FB15k237,without,176,/base/marchmadness/ncaa_basketball_tournament/seeds./base/marchmadness/ncaa_tournament_seed/team,M-N,tail,41,41,41,0.9825784053121295,0.0731707289814949,0.04878048780487805
TransE,FB15k237,without,177,/music/artist/contribution./music/recording_contribution/performance_role,M-N,tail,14,14,10,0.5714285799435207,0.30000001192092896,0.2
TransE,FB15k237,without,178,/sports/sports_position/players./sports/sports_team_roster/position,M-N,tail,0,0,0,,,
TransE,FB15k237,without,179,/government/politician/government_positions_held./government/government_position_held/basic_title,M-N,tail,16,16,15,0.8839285714285714,0.06666667014360428,0.06666666666666667
TransE,FB15k237,without,180,/sports/sports_position/players./american_football/football_historical_roster_position/position_s,M-N,tail,0,0,0,,,
TransE,FB15k237,without,181,/people/profession/specialization_of,M-1,tail,13,13,6,0.38461539149284363,0.5,0.3333333333333333
TransE,FB15k237,without,182,/award/award_category/category_of,M-1,tail,20,20,20,1.0,0.0,0.0
TransE,FB15k237,without,183,/film/film/cinematography,M-1,tail,17,17,17,0.7899159789085388,0.4117647111415863,0.29411764705882354
TransE,FB15k237,without,184,/film/film/film_production_design_by,M-1,tail,10,10,9,0.7428571496691022,0.4444444477558136,0.2222222222222222
TransE,FB15k237,without,185,/tv/tv_program/country_of_origin,M-1,tail,32,32,32,1.0,0.0,0.0
TransE,FB15k237,without,186,/film/film/edited_by,M-1,tail,13,13,12,0.791208803653717,0.1666666716337204,0.16666666666666666
TransE,FB15k237,without,187,/tv/tv_personality/tv_regular_appearances./tv/tv_regular_personal_appearance/program,M-1,tail,11,11,9,0.8181818127632141,0.0,0.0
TransE,FB15k237,without,188,/education/field_of_study/students_majoring./education/education/major_field_of_study,M-N,tail,11,11,10,0.6233766334397453,0.699999988079071,0.4
TransE,FB15k237,without,189,/education/educational_degree/people_with_this_degree./education/education/student,1-N,tail,27,27,5,0.08465608528682164,1.0,0.4
TransE,FB15k237,without,190,/location/us_county/county_seat,1-1,tail,2,2,2,1.0,0.0,0.0
TransE,FB15k237,without,191,/film/film/film_festivals,M-1,tail,18,18,16,0.8809523837906974,0.0625,0.0625
TransE,FB15k237,without,192,/people/person/spouse_s./people/marriage/spouse,1-1,tail,4,4,0,0.0,,
TransE,FB15k237,without,193,/film/film/runtime./film/film_cut/film_release_region,M-1,tail,9,9,8,0.761904776096344,0.375,0.375
TransE,FB15k237,without,194,/location/capital_of_administrative_division/capital_of./location/administrative_division_capital_relationship/administrative_division,1-1,tail,0,0,0,,,
TransE,FB15k237,without,195,/base/aareas/schema/administrative_area/administrative_area_type,M-1,tail,20,20,20,1.0,0.0,0.0
TransE,FB15k237,without,196,/influence/influence_node/peers./influence/peer_relationship/peers,1-1,tail,2,2,0,0.0,,
TransE,FB15k237,without,197,/government/governmental_body/members./government/government_position_held/legislative_sessions,M-N,tail,12,12,12,1.0,0.0,0.0
TransE,FB15k237,without,198,/base/schemastaging/organization_extra/phone_number./base/schemastaging/phone_sandbox/service_language,M-N,tail,21,21,20,0.8571428656578064,0.15000000596046448,0.1
TransE,FB15k237,without,199,/organization/organization/place_founded,M-1,tail,16,16,9,0.4375,0.5555555820465088,0.3333333333333333
TransE,FB15k237,without,200,/base/eating/practicer_of_diet/diet,M-1,tail,11,11,11,1.0,0.0,0.0
TransE,FB15k237,without,201,/tv/tv_program/program_creator,1-1,tail,2,2,0,0.0,,
TransE,FB15k237,without,202,/people/deceased_person/place_of_burial,M-1,tail,9,9,9,0.9682539701461792,0.1111111119389534,0.1111111111111111
TransE,FB15k237,without,203,/film/film/release_date_s./film/film_regional_release_date/film_regional_debut_venue,M-1,tail,20,20,16,0.6928571377481733,0.25,0.125
TransE,FB15k237,without,204,/ice_hockey/hockey_team/current_roster./sports/sports_team_roster/position,M-N,tail,4,4,4,1.0,0.0,0.0
TransE,FB15k237,without,205,/location/administrative_division/first_level_division_of,M-1,tail,0,0,0,,,
TransE,FB15k237,without,206,/location/statistical_region/gdp_real./measurement_unit/adjusted_money_value/adjustment_currency,M-1,tail,0,0,0,,,
TransE,FB15k237,without,207,/organization/organization/child./organization/organization_relationship/child,1-N,tail,20,20,5,0.14285714605024882,0.6000000238418579,0.4
TransE,FB15k237,without,208,/business/business_operation/assets./measurement_unit/dated_money_value/currency,M-1,tail,0,0,0,,,
TransE,FB15k237,without,209,/film/person_or_entity_appearing_in_film/films./film/personal_film_appearance/type_of_appearance,M-1,tail,3,3,3,1.0,0.0,0.0
TransE,FB15k237,without,210,/time/event/instance_of_recurring_event,M-1,tail,11,11,11,0.8571428571428571,0.1818181872367859,0.18181818181818182
TransE,FB15k237,without,211,/tv/non_character_role/tv_regular_personal_appearances./tv/tv_regular_personal_appearance/person,1-N,tail,7,7,2,0.1428571492433548,1.0,1.0
TransE,FB15k237,without,212,/film/actor/film./film/performance/special_performance_type,M-1,tail,16,16,16,1.0,0.0,0.0
TransE,FB15k237,without,213,/business/business_operation/operating_income./measurement_unit/dated_money_value/currency,M-1,tail,0,0,0,,,
TransE,FB15k237,without,214,/people/ethnicity/languages_spoken,M-N,tail,29,29,26,0.6650246211460659,0.5,0.19230769230769232
TransE,FB15k237,without,215,/base/americancomedy/celebrity_impressionist/celebrities_impersonated,1-N,tail,8,8,0,0.0,,
TransE,FB15k237,without,216,/medicine/symptom/symptom_of,M-N,tail,31,31,24,0.5345622003078461,0.6666666865348816,0.4583333333333333
TransE,FB15k237,without,217,/education/university/fraternities_and_sororities,M-1,tail,21,21,21,1.0,0.0,0.0
TransE,FB15k237,without,218,/location/statistical_region/places_exported_to./location/imports_and_exports/exported_to,M-N,tail,13,13,4,0.14285714711461747,0.75,0.75
TransE,FB15k237,without,219,/location/statistical_region/gdp_nominal./measurement_unit/dated_money_value/currency,M-1,tail,4,4,4,1.0,0.0,0.0
TransE,FB15k237,without,220,/travel/travel_destination/how_to_get_here./travel/transportation/mode_of_transportation,M-N,tail,20,20,20,1.0,0.0,0.0
TransE,FB15k237,without,221,/location/country/official_language,M-1,tail,16,16,16,0.8303571428571429,0.3125,0.125
TransE,FB15k237,without,222,/location/location/partially_contains,M-1,tail,13,13,11,0.7252747416496277,0.27272728085517883,0.09090909090909091
TransE,FB15k237,without,223,/film/film/film_art_direction_by,M-1,tail,3,3,3,1.0,0.0,0.0
TransE,FB15k237,without,224,/people/person/spouse_s./people/marriage/location_of_ceremony,M-1,tail,35,35,16,0.2734693991286414,0.625,0.375
TransE,FB15k237,without,225,/education/university/international_tuition./measurement_unit/dated_money_value/currency,M-1,tail,0,0,0,,,
TransE,FB15k237,without,226,/organization/organization_founder/organizations_founded,1-1,tail,9,9,5,0.30158730489867075,0.6000000238418579,0.4
TransE,FB15k237,without,227,/film/film/dubbing_performances./film/dubbing_performance/actor,M-N,tail,8,8,6,0.39285714285714285,0.6666666865348816,0.5
TransE,FB15k237,without,228,/dataworld/gardening_hint/split_to,1-1,tail,10,10,7,0.699999988079071,0.0,0.0
TransE,FB15k237,without,229,/medicine/disease/risk_factors,M-N,tail,13,13,9,0.6703296899795532,0.1111111119389534,0.1111111111111111
TransE,FB15k237,without,230,/film/film/prequel,1-1,tail,18,18,17,0.8333333219800677,0.3529411852359772,0.35294117647058826
TransE,FB15k237,without,231,/base/localfood/seasonal_month/produce_available./base/localfood/produce_availability/seasonal_months,M-N,tail,3,3,3,1.0,0.0,0.0
TransE,FB15k237,without,232,/film/actor/dubbing_performances./film/dubbing_performance/language,M-1,tail,12,12,12,1.0,0.0,0.0
TransE,FB15k237,without,233,/broadcast/content/artist,1-N,tail,14,14,4,0.22448979956763132,0.25,0.25
TransE,FB15k237,without,234,/location/statistical_region/gni_per_capita_in_ppp_dollars./measurement_unit/dated_money_value/currency,M-1,tail,0,0,0,,,
TransE,FB15k237,without,235,/music/instrument/family,M-1,tail,6,6,4,0.5238095266478402,0.25,0.25
TransE,FB15k237,without,236,/government/politician/government_positions_held./government/government_position_held/jurisdiction_of_office,M-1,tail,9,9,6,0.3174603262117931,0.6666666865348816,0.3333333333333333
